account_number,fraud_score,risk_level
7381871763,1.0,HIGH RISK 🔴
9296711464,1.0,HIGH RISK 🔴
8283126083,1.0,HIGH RISK 🔴
8604056957,1.0,HIGH RISK 🔴
8836307869,1.0,HIGH RISK 🔴
7569546179,1.0,HIGH RISK 🔴
7829282215,1.0,HIGH RISK 🔴
6952650422,1.0,HIGH RISK 🔴
9852322326,1.0,HIGH RISK 🔴
8219019464,1.0,HIGH RISK 🔴
6183827859,1.0,HIGH RISK 🔴
9679490930,1.0,HIGH RISK 🔴
7241511542,1.0,HIGH RISK 🔴
262934500346,1.0,HIGH RISK 🔴
659123305773,1.0,HIGH RISK 🔴
8172254045,1.0,HIGH RISK 🔴
8126443669,1.0,HIGH RISK 🔴
295946939680,1.0,HIGH RISK 🔴
7815924966,1.0,HIGH RISK 🔴
6501039933,1.0,HIGH RISK 🔴
9465731316,1.0,HIGH RISK 🔴
9201798480,1.0,HIGH RISK 🔴
8450880234,1.0,HIGH RISK 🔴
7907950013,1.0,HIGH RISK 🔴
6761166530,1.0,HIGH RISK 🔴
9416281639,1.0,HIGH RISK 🔴
7934650907,1.0,HIGH RISK 🔴
9108784333,1.0,HIGH RISK 🔴
6975251395,1.0,HIGH RISK 🔴
8703231161,1.0,HIGH RISK 🔴
8851879375,1.0,HIGH RISK 🔴
7597775021,1.0,HIGH RISK 🔴
7726838140,1.0,HIGH RISK 🔴
8996984519,1.0,HIGH RISK 🔴
6123786427,1.0,HIGH RISK 🔴
9275284047,1.0,HIGH RISK 🔴
7714457618,1.0,HIGH RISK 🔴
7104604811,1.0,HIGH RISK 🔴
9153749211,1.0,HIGH RISK 🔴
9398125095,1.0,HIGH RISK 🔴
8701324951,1.0,HIGH RISK 🔴
9790080413,1.0,HIGH RISK 🔴
8164492447,1.0,HIGH RISK 🔴
9544687293,1.0,HIGH RISK 🔴
6217735034,1.0,HIGH RISK 🔴
8652698447,1.0,HIGH RISK 🔴
8522997156,1.0,HIGH RISK 🔴
7357457862,1.0,HIGH RISK 🔴
7130279162,1.0,HIGH RISK 🔴
7924228796,1.0,HIGH RISK 🔴
7388265637,1.0,HIGH RISK 🔴
7607892327,1.0,HIGH RISK 🔴
6825472414,1.0,HIGH RISK 🔴
200581155574,1.0,HIGH RISK 🔴
9654738084,1.0,HIGH RISK 🔴
9773255310,1.0,HIGH RISK 🔴
9212448250,1.0,HIGH RISK 🔴
876330542945,1.0,HIGH RISK 🔴
333486417777,1.0,HIGH RISK 🔴
9906066493,1.0,HIGH RISK 🔴
9461935911,1.0,HIGH RISK 🔴
6214843952,1.0,HIGH RISK 🔴
9869650998,1.0,HIGH RISK 🔴
7807603842,1.0,HIGH RISK 🔴
6956971842,1.0,HIGH RISK 🔴
6619770333,1.0,HIGH RISK 🔴
7976759623,1.0,HIGH RISK 🔴
7798363120,1.0,HIGH RISK 🔴
8486784726,1.0,HIGH RISK 🔴
8230934584,1.0,HIGH RISK 🔴
9958884506,1.0,HIGH RISK 🔴
8700719921,1.0,HIGH RISK 🔴
493740043773,1.0,HIGH RISK 🔴
7795215244,1.0,HIGH RISK 🔴
7866802982,1.0,HIGH RISK 🔴
6153694411,1.0,HIGH RISK 🔴
7570893395,1.0,HIGH RISK 🔴
6413220353,1.0,HIGH RISK 🔴
7877922532,1.0,HIGH RISK 🔴
6580880508,1.0,HIGH RISK 🔴
6676852376,1.0,HIGH RISK 🔴
8268983029,1.0,HIGH RISK 🔴
7514636240,1.0,HIGH RISK 🔴
7199085281,1.0,HIGH RISK 🔴
7154314730,1.0,HIGH RISK 🔴
6779364749,1.0,HIGH RISK 🔴
7223276959,1.0,HIGH RISK 🔴
549698129028,1.0,HIGH RISK 🔴
8436438168,1.0,HIGH RISK 🔴
7419891713,1.0,HIGH RISK 🔴
6497859895,1.0,HIGH RISK 🔴
7116291984,1.0,HIGH RISK 🔴
7657585255,1.0,HIGH RISK 🔴
7932884694,1.0,HIGH RISK 🔴
8200115553,1.0,HIGH RISK 🔴
9583044197,1.0,HIGH RISK 🔴
6252890912,1.0,HIGH RISK 🔴
7580899163,1.0,HIGH RISK 🔴
9800714241,1.0,HIGH RISK 🔴
6153525148,1.0,HIGH RISK 🔴
9119281115,1.0,HIGH RISK 🔴
250789983393,1.0,HIGH RISK 🔴
7444469031,1.0,HIGH RISK 🔴
7876775315,1.0,HIGH RISK 🔴
8481697472,1.0,HIGH RISK 🔴
6143882382,1.0,HIGH RISK 🔴
6942748283,1.0,HIGH RISK 🔴
6823905799,1.0,HIGH RISK 🔴
9138476245,1.0,HIGH RISK 🔴
7343988274,1.0,HIGH RISK 🔴
8204492577,1.0,HIGH RISK 🔴
296734122655,1.0,HIGH RISK 🔴
7737774607,1.0,HIGH RISK 🔴
8370371292,1.0,HIGH RISK 🔴
8920184868,1.0,HIGH RISK 🔴
9396394795,1.0,HIGH RISK 🔴
6959948378,1.0,HIGH RISK 🔴
6931709289,1.0,HIGH RISK 🔴
7940115959,1.0,HIGH RISK 🔴
6851107555,1.0,HIGH RISK 🔴
8386327611,1.0,HIGH RISK 🔴
6798255625,1.0,HIGH RISK 🔴
7800926022,1.0,HIGH RISK 🔴
8504160804,1.0,HIGH RISK 🔴
9675364428,1.0,HIGH RISK 🔴
6803157400,1.0,HIGH RISK 🔴
6275348523,1.0,HIGH RISK 🔴
6339132321,1.0,HIGH RISK 🔴
9169039007,1.0,HIGH RISK 🔴
9577163140,1.0,HIGH RISK 🔴
8243129228,1.0,HIGH RISK 🔴
9489954851,1.0,HIGH RISK 🔴
8530268445,1.0,HIGH RISK 🔴
9920507736,1.0,HIGH RISK 🔴
9242227836,1.0,HIGH RISK 🔴
957670049075,1.0,HIGH RISK 🔴
9853120652,1.0,HIGH RISK 🔴
6882632484,1.0,HIGH RISK 🔴
8815046575,1.0,HIGH RISK 🔴
7673773443,1.0,HIGH RISK 🔴
7399167886,1.0,HIGH RISK 🔴
9600298360,1.0,HIGH RISK 🔴
9264385343,1.0,HIGH RISK 🔴
888432426054,1.0,HIGH RISK 🔴
8765740371,1.0,HIGH RISK 🔴
6357881847,1.0,HIGH RISK 🔴
9294012700,1.0,HIGH RISK 🔴
9287621317,1.0,HIGH RISK 🔴
9781446854,1.0,HIGH RISK 🔴
9697986494,1.0,HIGH RISK 🔴
8262955581,1.0,HIGH RISK 🔴
6122228390,1.0,HIGH RISK 🔴
6440593366,1.0,HIGH RISK 🔴
8100126327,1.0,HIGH RISK 🔴
7864540419,1.0,HIGH RISK 🔴
6641338441,1.0,HIGH RISK 🔴
8984890879,1.0,HIGH RISK 🔴
7650725418,1.0,HIGH RISK 🔴
6252057550,1.0,HIGH RISK 🔴
925448601963,1.0,HIGH RISK 🔴
6701673619,1.0,HIGH RISK 🔴
6331203884,1.0,HIGH RISK 🔴
9796521190,1.0,HIGH RISK 🔴
7905635608,1.0,HIGH RISK 🔴
8878165537,1.0,HIGH RISK 🔴
7625050489,1.0,HIGH RISK 🔴
8576155920,1.0,HIGH RISK 🔴
9663751187,1.0,HIGH RISK 🔴
6286614970,1.0,HIGH RISK 🔴
7568535539,1.0,HIGH RISK 🔴
7727838319,1.0,HIGH RISK 🔴
266838001519,1.0,HIGH RISK 🔴
7905705018,1.0,HIGH RISK 🔴
7879050132,1.0,HIGH RISK 🔴
6476652931,1.0,HIGH RISK 🔴
8845711737,1.0,HIGH RISK 🔴
9198416393,1.0,HIGH RISK 🔴
6473517008,1.0,HIGH RISK 🔴
8417477896,1.0,HIGH RISK 🔴
9163465721,1.0,HIGH RISK 🔴
414147351863,1.0,HIGH RISK 🔴
9903871359,1.0,HIGH RISK 🔴
6453645273,1.0,HIGH RISK 🔴
9435897843,1.0,HIGH RISK 🔴
8873477661,1.0,HIGH RISK 🔴
9818998236,1.0,HIGH RISK 🔴
151685492782,1.0,HIGH RISK 🔴
126877755773,1.0,HIGH RISK 🔴
9207592119,1.0,HIGH RISK 🔴
7982101024,1.0,HIGH RISK 🔴
9654422548,1.0,HIGH RISK 🔴
7793736217,1.0,HIGH RISK 🔴
8367433917,1.0,HIGH RISK 🔴
6874997845,1.0,HIGH RISK 🔴
8738509690,1.0,HIGH RISK 🔴
9173922243,1.0,HIGH RISK 🔴
6946259654,1.0,HIGH RISK 🔴
8958804166,1.0,HIGH RISK 🔴
9807738638,1.0,HIGH RISK 🔴
6759149609,1.0,HIGH RISK 🔴
9576562265,1.0,HIGH RISK 🔴
8569810983,1.0,HIGH RISK 🔴
337848125471,1.0,HIGH RISK 🔴
6901614471,1.0,HIGH RISK 🔴
7925143373,1.0,HIGH RISK 🔴
7967350633,1.0,HIGH RISK 🔴
7625928009,1.0,HIGH RISK 🔴
9748313087,1.0,HIGH RISK 🔴
6322199805,1.0,HIGH RISK 🔴
9140014762,1.0,HIGH RISK 🔴
9126871681,1.0,HIGH RISK 🔴
8148235964,1.0,HIGH RISK 🔴
8970208336,1.0,HIGH RISK 🔴
6171304151,1.0,HIGH RISK 🔴
7438554488,1.0,HIGH RISK 🔴
6981746226,1.0,HIGH RISK 🔴
9834324545,1.0,HIGH RISK 🔴
791966132062,1.0,HIGH RISK 🔴
169931850872,1.0,HIGH RISK 🔴
860044193711,1.0,HIGH RISK 🔴
9394249466,1.0,HIGH RISK 🔴
9997207537,1.0,HIGH RISK 🔴
7116817794,1.0,HIGH RISK 🔴
7173290422,1.0,HIGH RISK 🔴
6591363400,1.0,HIGH RISK 🔴
7708470765,1.0,HIGH RISK 🔴
9745442222,1.0,HIGH RISK 🔴
9495560222,1.0,HIGH RISK 🔴
7503541770,1.0,HIGH RISK 🔴
7351380602,1.0,HIGH RISK 🔴
7219000698,1.0,HIGH RISK 🔴
6186416358,1.0,HIGH RISK 🔴
7447140858,1.0,HIGH RISK 🔴
836123594671,1.0,HIGH RISK 🔴
8659663026,1.0,HIGH RISK 🔴
6360936006,1.0,HIGH RISK 🔴
6206487661,1.0,HIGH RISK 🔴
9244435445,1.0,HIGH RISK 🔴
9270469218,1.0,HIGH RISK 🔴
770354068477,1.0,HIGH RISK 🔴
7822241403,1.0,HIGH RISK 🔴
6250938537,1.0,HIGH RISK 🔴
817282538331,1.0,HIGH RISK 🔴
7846305943,1.0,HIGH RISK 🔴
7306822860,1.0,HIGH RISK 🔴
8100910035,1.0,HIGH RISK 🔴
7629369917,1.0,HIGH RISK 🔴
7697221082,1.0,HIGH RISK 🔴
679178830226,1.0,HIGH RISK 🔴
8890879445,1.0,HIGH RISK 🔴
8146598523,1.0,HIGH RISK 🔴
8398111868,1.0,HIGH RISK 🔴
9555416970,1.0,HIGH RISK 🔴
6618395129,1.0,HIGH RISK 🔴
6997473646,1.0,HIGH RISK 🔴
8666948616,1.0,HIGH RISK 🔴
8510858182,1.0,HIGH RISK 🔴
8629472198,1.0,HIGH RISK 🔴
6559565180,1.0,HIGH RISK 🔴
6637380723,1.0,HIGH RISK 🔴
8907416587,1.0,HIGH RISK 🔴
6296528513,1.0,HIGH RISK 🔴
7857333898,1.0,HIGH RISK 🔴
8719075994,1.0,HIGH RISK 🔴
9951531554,1.0,HIGH RISK 🔴
139594701601,1.0,HIGH RISK 🔴
214296319738,1.0,HIGH RISK 🔴
173731302416,1.0,HIGH RISK 🔴
6398537649,1.0,HIGH RISK 🔴
6452333498,1.0,HIGH RISK 🔴
8867800949,1.0,HIGH RISK 🔴
353604249097,1.0,HIGH RISK 🔴
7501174648,1.0,HIGH RISK 🔴
6399755514,1.0,HIGH RISK 🔴
8553148294,1.0,HIGH RISK 🔴
8515163174,1.0,HIGH RISK 🔴
9868998459,1.0,HIGH RISK 🔴
7323751059,1.0,HIGH RISK 🔴
901503896227,1.0,HIGH RISK 🔴
183658066352,1.0,HIGH RISK 🔴
6836561328,1.0,HIGH RISK 🔴
9524865913,1.0,HIGH RISK 🔴
9924080457,1.0,HIGH RISK 🔴
9589554638,1.0,HIGH RISK 🔴
6613666238,1.0,HIGH RISK 🔴
8440080835,1.0,HIGH RISK 🔴
7743884636,1.0,HIGH RISK 🔴
6965546581,1.0,HIGH RISK 🔴
9254678287,1.0,HIGH RISK 🔴
8554981075,1.0,HIGH RISK 🔴
8216280982,1.0,HIGH RISK 🔴
6613438029,1.0,HIGH RISK 🔴
8568485094,1.0,HIGH RISK 🔴
565392458562,1.0,HIGH RISK 🔴
7155276199,1.0,HIGH RISK 🔴
8983270762,1.0,HIGH RISK 🔴
9369904214,1.0,HIGH RISK 🔴
9744186469,1.0,HIGH RISK 🔴
264463682769,1.0,HIGH RISK 🔴
6801895607,1.0,HIGH RISK 🔴
6151758607,1.0,HIGH RISK 🔴
435640160665,1.0,HIGH RISK 🔴
9794285802,1.0,HIGH RISK 🔴
7724049447,1.0,HIGH RISK 🔴
7581034372,1.0,HIGH RISK 🔴
6762481661,1.0,HIGH RISK 🔴
7472330871,1.0,HIGH RISK 🔴
9992096841,1.0,HIGH RISK 🔴
963175346424,1.0,HIGH RISK 🔴
9868409692,1.0,HIGH RISK 🔴
6790259596,1.0,HIGH RISK 🔴
9537978676,1.0,HIGH RISK 🔴
6687597197,1.0,HIGH RISK 🔴
325403005047,1.0,HIGH RISK 🔴
8892424052,1.0,HIGH RISK 🔴
9924183377,1.0,HIGH RISK 🔴
8189860814,1.0,HIGH RISK 🔴
8480927345,1.0,HIGH RISK 🔴
8454224835,1.0,HIGH RISK 🔴
7513655859,1.0,HIGH RISK 🔴
7383684136,1.0,HIGH RISK 🔴
7109437761,1.0,HIGH RISK 🔴
9163576677,1.0,HIGH RISK 🔴
9643925762,1.0,HIGH RISK 🔴
7821188749,1.0,HIGH RISK 🔴
9917947583,1.0,HIGH RISK 🔴
7885090385,1.0,HIGH RISK 🔴
9192649865,1.0,HIGH RISK 🔴
7807590293,1.0,HIGH RISK 🔴
9198491434,1.0,HIGH RISK 🔴
7324667907,1.0,HIGH RISK 🔴
8495319473,1.0,HIGH RISK 🔴
9254744812,1.0,HIGH RISK 🔴
8542460293,1.0,HIGH RISK 🔴
8802393022,1.0,HIGH RISK 🔴
6505649792,1.0,HIGH RISK 🔴
7124455262,1.0,HIGH RISK 🔴
7967008602,1.0,HIGH RISK 🔴
306484359688,1.0,HIGH RISK 🔴
9908931866,1.0,HIGH RISK 🔴
9691980702,1.0,HIGH RISK 🔴
6158471749,1.0,HIGH RISK 🔴
6587523845,1.0,HIGH RISK 🔴
9658836994,1.0,HIGH RISK 🔴
6190923530,1.0,HIGH RISK 🔴
7115274704,1.0,HIGH RISK 🔴
450958794649,1.0,HIGH RISK 🔴
709875981919,1.0,HIGH RISK 🔴
862971498355,1.0,HIGH RISK 🔴
698528922435,1.0,HIGH RISK 🔴
816485036561,1.0,HIGH RISK 🔴
415470801849,1.0,HIGH RISK 🔴
950182855361,1.0,HIGH RISK 🔴
557320151819,1.0,HIGH RISK 🔴
877711517745,1.0,HIGH RISK 🔴
7768151503,1.0,HIGH RISK 🔴
204761668567,1.0,HIGH RISK 🔴
9992011667,1.0,HIGH RISK 🔴
872201927980,1.0,HIGH RISK 🔴
6909311939,1.0,HIGH RISK 🔴
7700671895,1.0,HIGH RISK 🔴
9775708605,1.0,HIGH RISK 🔴
7652868542,1.0,HIGH RISK 🔴
7377984281,1.0,HIGH RISK 🔴
9757570188,1.0,HIGH RISK 🔴
696802274318,1.0,HIGH RISK 🔴
478061944208,1.0,HIGH RISK 🔴
171569740924,1.0,HIGH RISK 🔴
8253511591,1.0,HIGH RISK 🔴
605778501338,1.0,HIGH RISK 🔴
8109032015,1.0,HIGH RISK 🔴
629986496942,1.0,HIGH RISK 🔴
6999078786,1.0,HIGH RISK 🔴
8442410374,1.0,HIGH RISK 🔴
9304488462,1.0,HIGH RISK 🔴
7796373120,1.0,HIGH RISK 🔴
489638169063,1.0,HIGH RISK 🔴
7796067519,1.0,HIGH RISK 🔴
7235046381,1.0,HIGH RISK 🔴
6926668117,1.0,HIGH RISK 🔴
9358963083,1.0,HIGH RISK 🔴
6316141103,1.0,HIGH RISK 🔴
6123546408,1.0,HIGH RISK 🔴
7199931781,1.0,HIGH RISK 🔴
7877240943,1.0,HIGH RISK 🔴
9212573855,1.0,HIGH RISK 🔴
8186837849,1.0,HIGH RISK 🔴
8854727182,1.0,HIGH RISK 🔴
9486337103,1.0,HIGH RISK 🔴
9113601973,1.0,HIGH RISK 🔴
6887111731,1.0,HIGH RISK 🔴
7235494887,1.0,HIGH RISK 🔴
9560193963,1.0,HIGH RISK 🔴
515056797830,1.0,HIGH RISK 🔴
6624735483,1.0,HIGH RISK 🔴
6515569016,1.0,HIGH RISK 🔴
8897057847,1.0,HIGH RISK 🔴
8145869957,1.0,HIGH RISK 🔴
6372070259,1.0,HIGH RISK 🔴
7560839099,1.0,HIGH RISK 🔴
6738037735,1.0,HIGH RISK 🔴
9646644642,1.0,HIGH RISK 🔴
7269590413,1.0,HIGH RISK 🔴
6810199217,1.0,HIGH RISK 🔴
8234192021,1.0,HIGH RISK 🔴
8449245961,1.0,HIGH RISK 🔴
9633445343,1.0,HIGH RISK 🔴
9352042712,1.0,HIGH RISK 🔴
8794124792,1.0,HIGH RISK 🔴
7465030252,1.0,HIGH RISK 🔴
345849138692,1.0,HIGH RISK 🔴
849382476163,1.0,HIGH RISK 🔴
362663072009,1.0,HIGH RISK 🔴
9344709808,1.0,HIGH RISK 🔴
7843134976,1.0,HIGH RISK 🔴
9958622042,1.0,HIGH RISK 🔴
6498507260,1.0,HIGH RISK 🔴
9485016843,1.0,HIGH RISK 🔴
9910135348,1.0,HIGH RISK 🔴
972007187084,1.0,HIGH RISK 🔴
7841944114,1.0,HIGH RISK 🔴
9934779349,1.0,HIGH RISK 🔴
8317361533,1.0,HIGH RISK 🔴
6928502429,1.0,HIGH RISK 🔴
6765496810,1.0,HIGH RISK 🔴
8834900950,1.0,HIGH RISK 🔴
8707412237,1.0,HIGH RISK 🔴
774117406799,1.0,HIGH RISK 🔴
225005900156,1.0,HIGH RISK 🔴
8832166158,1.0,HIGH RISK 🔴
7626548998,1.0,HIGH RISK 🔴
970959467441,1.0,HIGH RISK 🔴
9270819616,1.0,HIGH RISK 🔴
6903828694,1.0,HIGH RISK 🔴
7833702422,1.0,HIGH RISK 🔴
8925958841,1.0,HIGH RISK 🔴
8485768367,1.0,HIGH RISK 🔴
6437800289,1.0,HIGH RISK 🔴
7809276458,1.0,HIGH RISK 🔴
6399821409,1.0,HIGH RISK 🔴
9129884302,1.0,HIGH RISK 🔴
8813986273,1.0,HIGH RISK 🔴
229804712166,1.0,HIGH RISK 🔴
6970879449,1.0,HIGH RISK 🔴
6330937050,1.0,HIGH RISK 🔴
7710348640,1.0,HIGH RISK 🔴
7487602468,1.0,HIGH RISK 🔴
6721587391,1.0,HIGH RISK 🔴
8350276923,1.0,HIGH RISK 🔴
6958290900,1.0,HIGH RISK 🔴
962442854207,1.0,HIGH RISK 🔴
7512506387,1.0,HIGH RISK 🔴
637565115933,1.0,HIGH RISK 🔴
6169811824,1.0,HIGH RISK 🔴
9715294081,1.0,HIGH RISK 🔴
6206674830,1.0,HIGH RISK 🔴
6298378289,1.0,HIGH RISK 🔴
7804083620,1.0,HIGH RISK 🔴
9415151296,1.0,HIGH RISK 🔴
9309439131,1.0,HIGH RISK 🔴
8136371539,1.0,HIGH RISK 🔴
9875614556,1.0,HIGH RISK 🔴
8891035952,1.0,HIGH RISK 🔴
9599764833,1.0,HIGH RISK 🔴
596199361196,1.0,HIGH RISK 🔴
8500073309,1.0,HIGH RISK 🔴
6686255063,1.0,HIGH RISK 🔴
8599099392,1.0,HIGH RISK 🔴
7462782853,1.0,HIGH RISK 🔴
7557722126,1.0,HIGH RISK 🔴
669920146651,1.0,HIGH RISK 🔴
919406819421,1.0,HIGH RISK 🔴
8892718795,1.0,HIGH RISK 🔴
8621324883,1.0,HIGH RISK 🔴
137466454830,1.0,HIGH RISK 🔴
823020637055,1.0,HIGH RISK 🔴
8593731941,1.0,HIGH RISK 🔴
6444309665,1.0,HIGH RISK 🔴
7827386641,1.0,HIGH RISK 🔴
420939899625,1.0,HIGH RISK 🔴
7720640530,1.0,HIGH RISK 🔴
6333526730,1.0,HIGH RISK 🔴
9438705249,1.0,HIGH RISK 🔴
6368116218,1.0,HIGH RISK 🔴
7819486743,1.0,HIGH RISK 🔴
6148273170,1.0,HIGH RISK 🔴
8566956513,1.0,HIGH RISK 🔴
577804481462,1.0,HIGH RISK 🔴
8511011055,1.0,HIGH RISK 🔴
6523264326,1.0,HIGH RISK 🔴
9314263332,1.0,HIGH RISK 🔴
7257841978,1.0,HIGH RISK 🔴
8882190877,1.0,HIGH RISK 🔴
165735076912,1.0,HIGH RISK 🔴
8877069615,1.0,HIGH RISK 🔴
873147000448,1.0,HIGH RISK 🔴
9762889746,1.0,HIGH RISK 🔴
7721069453,1.0,HIGH RISK 🔴
6844979654,1.0,HIGH RISK 🔴
6427060052,1.0,HIGH RISK 🔴
8142610565,1.0,HIGH RISK 🔴
8260728004,1.0,HIGH RISK 🔴
9652350907,1.0,HIGH RISK 🔴
8576725214,1.0,HIGH RISK 🔴
7362001887,1.0,HIGH RISK 🔴
8728521506,1.0,HIGH RISK 🔴
8675260448,1.0,HIGH RISK 🔴
7707060658,1.0,HIGH RISK 🔴
9863377251,1.0,HIGH RISK 🔴
116248189481,1.0,HIGH RISK 🔴
866266005438,1.0,HIGH RISK 🔴
196056617312,1.0,HIGH RISK 🔴
8126661465,1.0,HIGH RISK 🔴
9265102485,1.0,HIGH RISK 🔴
9155075586,1.0,HIGH RISK 🔴
6664896571,1.0,HIGH RISK 🔴
6364377092,1.0,HIGH RISK 🔴
9627919113,1.0,HIGH RISK 🔴
7307187434,1.0,HIGH RISK 🔴
9283248827,1.0,HIGH RISK 🔴
8723808054,1.0,HIGH RISK 🔴
177117855471,1.0,HIGH RISK 🔴
782914078377,1.0,HIGH RISK 🔴
9198414784,1.0,HIGH RISK 🔴
531045564634,1.0,HIGH RISK 🔴
8970569949,1.0,HIGH RISK 🔴
7353609441,1.0,HIGH RISK 🔴
540797942765,1.0,HIGH RISK 🔴
8787568513,1.0,HIGH RISK 🔴
6551619156,1.0,HIGH RISK 🔴
6230107355,1.0,HIGH RISK 🔴
9386316125,1.0,HIGH RISK 🔴
7314709946,1.0,HIGH RISK 🔴
167149615100,1.0,HIGH RISK 🔴
905401407464,1.0,HIGH RISK 🔴
534680657473,1.0,HIGH RISK 🔴
425129657020,1.0,HIGH RISK 🔴
214432223389,1.0,HIGH RISK 🔴
881228354451,1.0,HIGH RISK 🔴
617716849932,1.0,HIGH RISK 🔴
9589423428,1.0,HIGH RISK 🔴
362691476284,1.0,HIGH RISK 🔴
518584703454,1.0,HIGH RISK 🔴
168173360720,1.0,HIGH RISK 🔴
6332357294,1.0,HIGH RISK 🔴
9908569936,1.0,HIGH RISK 🔴
523596070682,1.0,HIGH RISK 🔴
329840460129,1.0,HIGH RISK 🔴
8531403470,1.0,HIGH RISK 🔴
521598376909,1.0,HIGH RISK 🔴
9323097456,1.0,HIGH RISK 🔴
8265900930,1.0,HIGH RISK 🔴
9167209808,1.0,HIGH RISK 🔴
6433816063,1.0,HIGH RISK 🔴
8717020459,1.0,HIGH RISK 🔴
8458945691,1.0,HIGH RISK 🔴
745057108931,1.0,HIGH RISK 🔴
7172667309,1.0,HIGH RISK 🔴
6547865739,1.0,HIGH RISK 🔴
9999869136,1.0,HIGH RISK 🔴
925801184207,1.0,HIGH RISK 🔴
9472454309,1.0,HIGH RISK 🔴
8951170819,1.0,HIGH RISK 🔴
8793778890,1.0,HIGH RISK 🔴
747602047613,1.0,HIGH RISK 🔴
952307477967,1.0,HIGH RISK 🔴
882459789709,1.0,HIGH RISK 🔴
7620318474,1.0,HIGH RISK 🔴
6625278696,1.0,HIGH RISK 🔴
6206529847,1.0,HIGH RISK 🔴
9518068194,1.0,HIGH RISK 🔴
945539282248,1.0,HIGH RISK 🔴
6633536225,1.0,HIGH RISK 🔴
9208432347,1.0,HIGH RISK 🔴
7547619523,1.0,HIGH RISK 🔴
6976916012,1.0,HIGH RISK 🔴
8515661327,1.0,HIGH RISK 🔴
6104365366,1.0,HIGH RISK 🔴
996722633199,1.0,HIGH RISK 🔴
6334840440,1.0,HIGH RISK 🔴
6516670723,1.0,HIGH RISK 🔴
797401436656,1.0,HIGH RISK 🔴
525848187986,1.0,HIGH RISK 🔴
817401668920,1.0,HIGH RISK 🔴
6347996883,1.0,HIGH RISK 🔴
7664859307,1.0,HIGH RISK 🔴
7905702212,1.0,HIGH RISK 🔴
8342610408,1.0,HIGH RISK 🔴
7804059202,1.0,HIGH RISK 🔴
9370411930,1.0,HIGH RISK 🔴
6719471480,1.0,HIGH RISK 🔴
252298461563,1.0,HIGH RISK 🔴
9840915453,1.0,HIGH RISK 🔴
7474629739,1.0,HIGH RISK 🔴
6103040981,1.0,HIGH RISK 🔴
6436573833,1.0,HIGH RISK 🔴
703270389937,1.0,HIGH RISK 🔴
155430977184,1.0,HIGH RISK 🔴
6504678576,1.0,HIGH RISK 🔴
8367528198,1.0,HIGH RISK 🔴
6936086198,1.0,HIGH RISK 🔴
7332985464,1.0,HIGH RISK 🔴
6550252773,1.0,HIGH RISK 🔴
9698105821,1.0,HIGH RISK 🔴
6426208975,1.0,HIGH RISK 🔴
6808921101,1.0,HIGH RISK 🔴
9741974036,1.0,HIGH RISK 🔴
7196248360,1.0,HIGH RISK 🔴
7154045770,1.0,HIGH RISK 🔴
9547497867,1.0,HIGH RISK 🔴
8748296461,1.0,HIGH RISK 🔴
6323294967,1.0,HIGH RISK 🔴
956247013743,1.0,HIGH RISK 🔴
7301262917,1.0,HIGH RISK 🔴
6538902500,1.0,HIGH RISK 🔴
6728532089,1.0,HIGH RISK 🔴
7887056646,1.0,HIGH RISK 🔴
6902004389,1.0,HIGH RISK 🔴
8943705655,1.0,HIGH RISK 🔴
9129129426,1.0,HIGH RISK 🔴
9967667008,1.0,HIGH RISK 🔴
8137960057,1.0,HIGH RISK 🔴
8827336348,1.0,HIGH RISK 🔴
6333630265,1.0,HIGH RISK 🔴
175086607610,1.0,HIGH RISK 🔴
7485250244,1.0,HIGH RISK 🔴
6594373189,1.0,HIGH RISK 🔴
8125279718,1.0,HIGH RISK 🔴
9785907180,1.0,HIGH RISK 🔴
8446179217,1.0,HIGH RISK 🔴
9782486468,1.0,HIGH RISK 🔴
6367121187,1.0,HIGH RISK 🔴
9561471565,1.0,HIGH RISK 🔴
594494962083,1.0,HIGH RISK 🔴
7242384336,1.0,HIGH RISK 🔴
6964900852,1.0,HIGH RISK 🔴
801558463261,1.0,HIGH RISK 🔴
9985745840,1.0,HIGH RISK 🔴
6891738757,1.0,HIGH RISK 🔴
8865255025,1.0,HIGH RISK 🔴
7826945676,1.0,HIGH RISK 🔴
838883009295,1.0,HIGH RISK 🔴
8345093625,1.0,HIGH RISK 🔴
6603544069,1.0,HIGH RISK 🔴
633495244375,1.0,HIGH RISK 🔴
743429974234,1.0,HIGH RISK 🔴
323134844715,1.0,HIGH RISK 🔴
7385361115,1.0,HIGH RISK 🔴
7289616643,1.0,HIGH RISK 🔴
8321161463,1.0,HIGH RISK 🔴
939265172101,1.0,HIGH RISK 🔴
7241123729,1.0,HIGH RISK 🔴
8420621035,1.0,HIGH RISK 🔴
7763089626,1.0,HIGH RISK 🔴
6320177610,1.0,HIGH RISK 🔴
9746252324,1.0,HIGH RISK 🔴
383883288064,1.0,HIGH RISK 🔴
615593837002,1.0,HIGH RISK 🔴
9859334982,1.0,HIGH RISK 🔴
584185813746,1.0,HIGH RISK 🔴
572710705287,1.0,HIGH RISK 🔴
6880821667,1.0,HIGH RISK 🔴
8553300224,1.0,HIGH RISK 🔴
678047147345,1.0,HIGH RISK 🔴
356785944365,1.0,HIGH RISK 🔴
7851685587,1.0,HIGH RISK 🔴
909583462712,1.0,HIGH RISK 🔴
715732902106,1.0,HIGH RISK 🔴
8512436158,1.0,HIGH RISK 🔴
7682968810,1.0,HIGH RISK 🔴
346574072135,1.0,HIGH RISK 🔴
214894272638,1.0,HIGH RISK 🔴
6789339371,1.0,HIGH RISK 🔴
7481527534,1.0,HIGH RISK 🔴
7281489944,1.0,HIGH RISK 🔴
9891727331,1.0,HIGH RISK 🔴
143676306817,1.0,HIGH RISK 🔴
266499351753,1.0,HIGH RISK 🔴
9615108612,1.0,HIGH RISK 🔴
6341380804,1.0,HIGH RISK 🔴
6172692864,1.0,HIGH RISK 🔴
7105547120,1.0,HIGH RISK 🔴
6987406774,1.0,HIGH RISK 🔴
6502932653,1.0,HIGH RISK 🔴
8369666478,1.0,HIGH RISK 🔴
8266639205,1.0,HIGH RISK 🔴
7971829129,1.0,HIGH RISK 🔴
6158718355,1.0,HIGH RISK 🔴
837349798520,1.0,HIGH RISK 🔴
8832642171,1.0,HIGH RISK 🔴
759781281398,1.0,HIGH RISK 🔴
808579615323,1.0,HIGH RISK 🔴
7232001454,1.0,HIGH RISK 🔴
9173212461,1.0,HIGH RISK 🔴
190607349665,1.0,HIGH RISK 🔴
6880093741,1.0,HIGH RISK 🔴
914920416160,1.0,HIGH RISK 🔴
954380307761,1.0,HIGH RISK 🔴
8332339336,1.0,HIGH RISK 🔴
8170318623,1.0,HIGH RISK 🔴
7279846472,1.0,HIGH RISK 🔴
875886121607,1.0,HIGH RISK 🔴
8694442459,1.0,HIGH RISK 🔴
7793842559,1.0,HIGH RISK 🔴
7614615564,1.0,HIGH RISK 🔴
7388215513,1.0,HIGH RISK 🔴
6593484942,1.0,HIGH RISK 🔴
6111089057,1.0,HIGH RISK 🔴
909917588688,1.0,HIGH RISK 🔴
175912270353,1.0,HIGH RISK 🔴
266293554401,1.0,HIGH RISK 🔴
8718910949,1.0,HIGH RISK 🔴
8122692223,1.0,HIGH RISK 🔴
211979251795,1.0,HIGH RISK 🔴
7504099181,1.0,HIGH RISK 🔴
9464659407,1.0,HIGH RISK 🔴
8386637545,1.0,HIGH RISK 🔴
9952634375,1.0,HIGH RISK 🔴
8564054210,1.0,HIGH RISK 🔴
6917491276,1.0,HIGH RISK 🔴
6213933314,1.0,HIGH RISK 🔴
8980517731,1.0,HIGH RISK 🔴
7815882948,1.0,HIGH RISK 🔴
6386430340,1.0,HIGH RISK 🔴
230314359682,1.0,HIGH RISK 🔴
964453619285,1.0,HIGH RISK 🔴
8359489330,1.0,HIGH RISK 🔴
6184931800,1.0,HIGH RISK 🔴
178929896462,1.0,HIGH RISK 🔴
561431986869,1.0,HIGH RISK 🔴
9181568728,1.0,HIGH RISK 🔴
7263098755,1.0,HIGH RISK 🔴
6931110447,1.0,HIGH RISK 🔴
6780825326,1.0,HIGH RISK 🔴
6951226096,1.0,HIGH RISK 🔴
7525001309,1.0,HIGH RISK 🔴
7624008184,1.0,HIGH RISK 🔴
8820969351,1.0,HIGH RISK 🔴
6730843966,1.0,HIGH RISK 🔴
6946331949,1.0,HIGH RISK 🔴
7822532806,1.0,HIGH RISK 🔴
130245897651,1.0,HIGH RISK 🔴
8592930676,1.0,HIGH RISK 🔴
8208458612,1.0,HIGH RISK 🔴
7389471160,1.0,HIGH RISK 🔴
9338456333,1.0,HIGH RISK 🔴
6715435007,1.0,HIGH RISK 🔴
9525905442,1.0,HIGH RISK 🔴
9494669656,1.0,HIGH RISK 🔴
9597305728,1.0,HIGH RISK 🔴
6460328516,1.0,HIGH RISK 🔴
574945499521,1.0,HIGH RISK 🔴
6324091561,1.0,HIGH RISK 🔴
8596801451,1.0,HIGH RISK 🔴
9132171802,1.0,HIGH RISK 🔴
8333465212,1.0,HIGH RISK 🔴
579972397457,1.0,HIGH RISK 🔴
6573155975,1.0,HIGH RISK 🔴
6510305564,1.0,HIGH RISK 🔴
7960329636,1.0,HIGH RISK 🔴
9506769804,1.0,HIGH RISK 🔴
6467416248,1.0,HIGH RISK 🔴
8217561088,1.0,HIGH RISK 🔴
858509873970,1.0,HIGH RISK 🔴
7614480667,1.0,HIGH RISK 🔴
9897106465,1.0,HIGH RISK 🔴
6957481208,1.0,HIGH RISK 🔴
307430702678,1.0,HIGH RISK 🔴
543573408372,1.0,HIGH RISK 🔴
7456035055,1.0,HIGH RISK 🔴
9831762911,1.0,HIGH RISK 🔴
900145642432,1.0,HIGH RISK 🔴
293392838201,1.0,HIGH RISK 🔴
9921065722,1.0,HIGH RISK 🔴
7811152637,1.0,HIGH RISK 🔴
817046132214,1.0,HIGH RISK 🔴
6999621320,1.0,HIGH RISK 🔴
7302040401,1.0,HIGH RISK 🔴
7346870407,1.0,HIGH RISK 🔴
833023698911,1.0,HIGH RISK 🔴
9619638781,1.0,HIGH RISK 🔴
9850485691,1.0,HIGH RISK 🔴
742646923882,1.0,HIGH RISK 🔴
6668454732,1.0,HIGH RISK 🔴
887764130036,1.0,HIGH RISK 🔴
237644823759,1.0,HIGH RISK 🔴
167176406449,1.0,HIGH RISK 🔴
9458920285,1.0,HIGH RISK 🔴
9205679164,1.0,HIGH RISK 🔴
6689584568,1.0,HIGH RISK 🔴
6489377977,1.0,HIGH RISK 🔴
8613874736,1.0,HIGH RISK 🔴
100379707557,1.0,HIGH RISK 🔴
906518946152,1.0,HIGH RISK 🔴
6965072620,1.0,HIGH RISK 🔴
6336506304,1.0,HIGH RISK 🔴
8411544559,1.0,HIGH RISK 🔴
8911621747,1.0,HIGH RISK 🔴
648330444380,1.0,HIGH RISK 🔴
6421816404,1.0,HIGH RISK 🔴
6400770852,1.0,HIGH RISK 🔴
9630535437,1.0,HIGH RISK 🔴
7994961080,1.0,HIGH RISK 🔴
702043451533,1.0,HIGH RISK 🔴
8700208485,1.0,HIGH RISK 🔴
7549286856,1.0,HIGH RISK 🔴
8792974591,1.0,HIGH RISK 🔴
7410009592,1.0,HIGH RISK 🔴
8597551360,1.0,HIGH RISK 🔴
6973667174,1.0,HIGH RISK 🔴
6629645821,1.0,HIGH RISK 🔴
8173242929,1.0,HIGH RISK 🔴
7657172118,1.0,HIGH RISK 🔴
763014664231,1.0,HIGH RISK 🔴
352017619119,1.0,HIGH RISK 🔴
750050792405,1.0,HIGH RISK 🔴
967346091814,1.0,HIGH RISK 🔴
680211271586,1.0,HIGH RISK 🔴
739627858493,1.0,HIGH RISK 🔴
320971669790,1.0,HIGH RISK 🔴
674798973041,1.0,HIGH RISK 🔴
723962955227,1.0,HIGH RISK 🔴
138117395752,1.0,HIGH RISK 🔴
402195351094,1.0,HIGH RISK 🔴
UNKNOWN,1.0,HIGH RISK 🔴
615360871664,1.0,HIGH RISK 🔴
7849557793,1.0,HIGH RISK 🔴
486583084429,1.0,HIGH RISK 🔴
8987557486,1.0,HIGH RISK 🔴
7245621999,1.0,HIGH RISK 🔴
251095431643,1.0,HIGH RISK 🔴
319726429259,1.0,HIGH RISK 🔴
979215479098,1.0,HIGH RISK 🔴
788590851962,1.0,HIGH RISK 🔴
762796137096,1.0,HIGH RISK 🔴
186481861150,1.0,HIGH RISK 🔴
618512800601,1.0,HIGH RISK 🔴
153078617535,1.0,HIGH RISK 🔴
942512846563,1.0,HIGH RISK 🔴
298044286869,1.0,HIGH RISK 🔴
471918953852,1.0,HIGH RISK 🔴
783946816147,1.0,HIGH RISK 🔴
441440320893,1.0,HIGH RISK 🔴
120639140247,1.0,HIGH RISK 🔴
505812410438,1.0,HIGH RISK 🔴
876575736852,1.0,HIGH RISK 🔴
998921285752,1.0,HIGH RISK 🔴
938984479753,1.0,HIGH RISK 🔴
890055012844,1.0,HIGH RISK 🔴
581918767695,1.0,HIGH RISK 🔴
781216850398,1.0,HIGH RISK 🔴
258758812728,1.0,HIGH RISK 🔴
142400897803,1.0,HIGH RISK 🔴
526461142445,1.0,HIGH RISK 🔴
427373879406,1.0,HIGH RISK 🔴
740848345713,1.0,HIGH RISK 🔴
593455852535,1.0,HIGH RISK 🔴
790066951655,1.0,HIGH RISK 🔴
141556330085,1.0,HIGH RISK 🔴
967931091861,1.0,HIGH RISK 🔴
892201490803,1.0,HIGH RISK 🔴
240218497886,1.0,HIGH RISK 🔴
150621595847,1.0,HIGH RISK 🔴
312523911564,1.0,HIGH RISK 🔴
680350778115,1.0,HIGH RISK 🔴
601635088007,1.0,HIGH RISK 🔴
682437354800,1.0,HIGH RISK 🔴
475699784512,1.0,HIGH RISK 🔴
937545936184,1.0,HIGH RISK 🔴
946679890101,1.0,HIGH RISK 🔴
883231528477,1.0,HIGH RISK 🔴
164994248215,1.0,HIGH RISK 🔴
233456125258,1.0,HIGH RISK 🔴
594094952517,1.0,HIGH RISK 🔴
469770935611,1.0,HIGH RISK 🔴
605671372606,1.0,HIGH RISK 🔴
100289029875,1.0,HIGH RISK 🔴
377652896068,1.0,HIGH RISK 🔴
336759084683,1.0,HIGH RISK 🔴
355511542163,1.0,HIGH RISK 🔴
671100598712,1.0,HIGH RISK 🔴
701775436405,1.0,HIGH RISK 🔴
422308304342,1.0,HIGH RISK 🔴
375732451083,1.0,HIGH RISK 🔴
707712050465,1.0,HIGH RISK 🔴
151316301340,1.0,HIGH RISK 🔴
365586159315,1.0,HIGH RISK 🔴
845192044669,1.0,HIGH RISK 🔴
764985945093,1.0,HIGH RISK 🔴
971410225849,1.0,HIGH RISK 🔴
353341132202,1.0,HIGH RISK 🔴
348926594981,1.0,HIGH RISK 🔴
608283418921,1.0,HIGH RISK 🔴
832260353260,1.0,HIGH RISK 🔴
347843891186,1.0,HIGH RISK 🔴
984685156841,1.0,HIGH RISK 🔴
620778200714,1.0,HIGH RISK 🔴
212673072768,1.0,HIGH RISK 🔴
477775632711,1.0,HIGH RISK 🔴
577834663764,1.0,HIGH RISK 🔴
569686665652,1.0,HIGH RISK 🔴
895490587644,1.0,HIGH RISK 🔴
885263979926,1.0,HIGH RISK 🔴
410234978315,1.0,HIGH RISK 🔴
435803760383,1.0,HIGH RISK 🔴
636939957128,1.0,HIGH RISK 🔴
322729068865,1.0,HIGH RISK 🔴
762430327298,1.0,HIGH RISK 🔴
625548939129,1.0,HIGH RISK 🔴
873072000628,1.0,HIGH RISK 🔴
317595581601,1.0,HIGH RISK 🔴
194571806544,1.0,HIGH RISK 🔴
432349192625,1.0,HIGH RISK 🔴
685741210506,1.0,HIGH RISK 🔴
818493267703,1.0,HIGH RISK 🔴
612773607838,1.0,HIGH RISK 🔴
689860742159,1.0,HIGH RISK 🔴
656099696164,1.0,HIGH RISK 🔴
668781599665,1.0,HIGH RISK 🔴
581323209819,1.0,HIGH RISK 🔴
732329380294,1.0,HIGH RISK 🔴
751669751306,1.0,HIGH RISK 🔴
494738481547,1.0,HIGH RISK 🔴
596667973737,1.0,HIGH RISK 🔴
145588326797,1.0,HIGH RISK 🔴
158271004450,1.0,HIGH RISK 🔴
718457985273,1.0,HIGH RISK 🔴
908057138577,1.0,HIGH RISK 🔴
241755786183,1.0,HIGH RISK 🔴
377155177789,1.0,HIGH RISK 🔴
340701103412,1.0,HIGH RISK 🔴
614864626304,1.0,HIGH RISK 🔴
592913788380,1.0,HIGH RISK 🔴
718979698120,1.0,HIGH RISK 🔴
229941138111,1.0,HIGH RISK 🔴
349268772870,1.0,HIGH RISK 🔴
448227749877,1.0,HIGH RISK 🔴
651018790829,1.0,HIGH RISK 🔴
549938908560,1.0,HIGH RISK 🔴
714867659415,1.0,HIGH RISK 🔴
611774158548,1.0,HIGH RISK 🔴
806690571542,1.0,HIGH RISK 🔴
526502903647,1.0,HIGH RISK 🔴
596546012823,1.0,HIGH RISK 🔴
466541501552,1.0,HIGH RISK 🔴
795730444530,1.0,HIGH RISK 🔴
293427308449,1.0,HIGH RISK 🔴
109181111417,1.0,HIGH RISK 🔴
161520304004,1.0,HIGH RISK 🔴
196777995311,1.0,HIGH RISK 🔴
107257355963,1.0,HIGH RISK 🔴
662841409445,1.0,HIGH RISK 🔴
699316190089,1.0,HIGH RISK 🔴
958523599098,1.0,HIGH RISK 🔴
958737452775,1.0,HIGH RISK 🔴
257919092337,1.0,HIGH RISK 🔴
359045232975,1.0,HIGH RISK 🔴
874190770173,1.0,HIGH RISK 🔴
761645716693,1.0,HIGH RISK 🔴
318542143914,1.0,HIGH RISK 🔴
431691396560,1.0,HIGH RISK 🔴
407772935371,1.0,HIGH RISK 🔴
185979082864,1.0,HIGH RISK 🔴
137697872687,1.0,HIGH RISK 🔴
651939184574,1.0,HIGH RISK 🔴
476245654328,1.0,HIGH RISK 🔴
460277225684,1.0,HIGH RISK 🔴
765566653662,1.0,HIGH RISK 🔴
946387091410,1.0,HIGH RISK 🔴
741902999496,1.0,HIGH RISK 🔴
647404054836,1.0,HIGH RISK 🔴
549439698769,1.0,HIGH RISK 🔴
194393388194,1.0,HIGH RISK 🔴
500401424851,1.0,HIGH RISK 🔴
641930687673,1.0,HIGH RISK 🔴
305015550539,1.0,HIGH RISK 🔴
139175861697,1.0,HIGH RISK 🔴
602728393697,1.0,HIGH RISK 🔴
105395987801,1.0,HIGH RISK 🔴
518689301770,1.0,HIGH RISK 🔴
599263887101,1.0,HIGH RISK 🔴
986437000149,1.0,HIGH RISK 🔴
242406892867,1.0,HIGH RISK 🔴
868847935019,1.0,HIGH RISK 🔴
292072089098,1.0,HIGH RISK 🔴
138320077520,1.0,HIGH RISK 🔴
458130648601,1.0,HIGH RISK 🔴
727583653971,1.0,HIGH RISK 🔴
259351287689,1.0,HIGH RISK 🔴
534142314853,1.0,HIGH RISK 🔴
825268224957,1.0,HIGH RISK 🔴
835363458642,1.0,HIGH RISK 🔴
122912976667,1.0,HIGH RISK 🔴
734092917399,1.0,HIGH RISK 🔴
125804415869,1.0,HIGH RISK 🔴
684319727146,1.0,HIGH RISK 🔴
720516198570,1.0,HIGH RISK 🔴
739106970971,1.0,HIGH RISK 🔴
901729631582,1.0,HIGH RISK 🔴
134321377226,1.0,HIGH RISK 🔴
343171082380,1.0,HIGH RISK 🔴
227332172079,1.0,HIGH RISK 🔴
993852853410,1.0,HIGH RISK 🔴
633123903872,1.0,HIGH RISK 🔴
950983465195,1.0,HIGH RISK 🔴
251412733646,1.0,HIGH RISK 🔴
205892171999,1.0,HIGH RISK 🔴
386380757953,1.0,HIGH RISK 🔴
440415862700,1.0,HIGH RISK 🔴
471805530152,1.0,HIGH RISK 🔴
255761375723,1.0,HIGH RISK 🔴
509077024831,1.0,HIGH RISK 🔴
449518328966,1.0,HIGH RISK 🔴
706269586613,1.0,HIGH RISK 🔴
397483258695,1.0,HIGH RISK 🔴
293779385043,1.0,HIGH RISK 🔴
997675456165,1.0,HIGH RISK 🔴
969780395169,1.0,HIGH RISK 🔴
613290443049,1.0,HIGH RISK 🔴
790151984199,1.0,HIGH RISK 🔴
812625768068,1.0,HIGH RISK 🔴
264176693048,1.0,HIGH RISK 🔴
888300481231,1.0,HIGH RISK 🔴
334358445915,1.0,HIGH RISK 🔴
519489689717,1.0,HIGH RISK 🔴
795252503609,1.0,HIGH RISK 🔴
390324624410,1.0,HIGH RISK 🔴
713548821843,1.0,HIGH RISK 🔴
580940320200,1.0,HIGH RISK 🔴
770839208407,1.0,HIGH RISK 🔴
440401402258,1.0,HIGH RISK 🔴
149090802770,1.0,HIGH RISK 🔴
511996301432,1.0,HIGH RISK 🔴
823712296959,1.0,HIGH RISK 🔴
617591550236,1.0,HIGH RISK 🔴
213112805996,1.0,HIGH RISK 🔴
892209378652,1.0,HIGH RISK 🔴
273899429116,1.0,HIGH RISK 🔴
366188947773,1.0,HIGH RISK 🔴
454390121148,1.0,HIGH RISK 🔴
801142270530,1.0,HIGH RISK 🔴
292573468634,1.0,HIGH RISK 🔴
491005069058,1.0,HIGH RISK 🔴
332526781313,1.0,HIGH RISK 🔴
229416828723,1.0,HIGH RISK 🔴
113551802999,1.0,HIGH RISK 🔴
573987530976,1.0,HIGH RISK 🔴
692165530327,1.0,HIGH RISK 🔴
573931764950,1.0,HIGH RISK 🔴
394303359856,1.0,HIGH RISK 🔴
111517292415,1.0,HIGH RISK 🔴
769213741215,1.0,HIGH RISK 🔴
203775088891,1.0,HIGH RISK 🔴
401135246467,1.0,HIGH RISK 🔴
339568134273,1.0,HIGH RISK 🔴
809445791465,1.0,HIGH RISK 🔴
513590061447,1.0,HIGH RISK 🔴
362309597869,1.0,HIGH RISK 🔴
403729454592,1.0,HIGH RISK 🔴
231196930076,1.0,HIGH RISK 🔴
746195483352,1.0,HIGH RISK 🔴
811084946883,1.0,HIGH RISK 🔴
365163839229,1.0,HIGH RISK 🔴
901877352084,1.0,HIGH RISK 🔴
787739461005,1.0,HIGH RISK 🔴
660752553635,1.0,HIGH RISK 🔴
800100432266,1.0,HIGH RISK 🔴
615079771123,1.0,HIGH RISK 🔴
883349701979,1.0,HIGH RISK 🔴
614212514320,1.0,HIGH RISK 🔴
380242957380,1.0,HIGH RISK 🔴
127663054392,1.0,HIGH RISK 🔴
375001072469,1.0,HIGH RISK 🔴
507218033586,1.0,HIGH RISK 🔴
837477829530,1.0,HIGH RISK 🔴
711639963146,1.0,HIGH RISK 🔴
531203620518,1.0,HIGH RISK 🔴
903641416907,1.0,HIGH RISK 🔴
747884699165,1.0,HIGH RISK 🔴
530427885535,1.0,HIGH RISK 🔴
569428405101,1.0,HIGH RISK 🔴
437328124868,1.0,HIGH RISK 🔴
727811391132,1.0,HIGH RISK 🔴
930448971044,1.0,HIGH RISK 🔴
213118231368,1.0,HIGH RISK 🔴
833445141140,1.0,HIGH RISK 🔴
494294250099,1.0,HIGH RISK 🔴
311070625944,1.0,HIGH RISK 🔴
678663405156,1.0,HIGH RISK 🔴
768332322882,1.0,HIGH RISK 🔴
193717003236,1.0,HIGH RISK 🔴
789669492569,1.0,HIGH RISK 🔴
738775046262,1.0,HIGH RISK 🔴
853257870215,1.0,HIGH RISK 🔴
311833921324,1.0,HIGH RISK 🔴
225164793726,1.0,HIGH RISK 🔴
931538830343,1.0,HIGH RISK 🔴
634494585147,1.0,HIGH RISK 🔴
579372621986,1.0,HIGH RISK 🔴
971480391501,1.0,HIGH RISK 🔴
496907280907,1.0,HIGH RISK 🔴
369060300882,1.0,HIGH RISK 🔴
413404293416,1.0,HIGH RISK 🔴
602803284872,1.0,HIGH RISK 🔴
320179987216,1.0,HIGH RISK 🔴
428140391785,1.0,HIGH RISK 🔴
234307801001,1.0,HIGH RISK 🔴
895136030194,1.0,HIGH RISK 🔴
835426614472,1.0,HIGH RISK 🔴
922782398837,1.0,HIGH RISK 🔴
125505907526,1.0,HIGH RISK 🔴
517652415668,1.0,HIGH RISK 🔴
891261524530,1.0,HIGH RISK 🔴
165293352277,1.0,HIGH RISK 🔴
609001476674,1.0,HIGH RISK 🔴
404327916050,1.0,HIGH RISK 🔴
210357591386,1.0,HIGH RISK 🔴
103404292956,1.0,HIGH RISK 🔴
513406158587,1.0,HIGH RISK 🔴
806229782645,1.0,HIGH RISK 🔴
196943233541,1.0,HIGH RISK 🔴
416719930281,1.0,HIGH RISK 🔴
934699454167,1.0,HIGH RISK 🔴
495564907582,1.0,HIGH RISK 🔴
518980669124,1.0,HIGH RISK 🔴
529246377890,1.0,HIGH RISK 🔴
147616516308,1.0,HIGH RISK 🔴
695372611150,1.0,HIGH RISK 🔴
583088324432,1.0,HIGH RISK 🔴
618988666984,1.0,HIGH RISK 🔴
489900158458,1.0,HIGH RISK 🔴
975627920498,1.0,HIGH RISK 🔴
903131441195,1.0,HIGH RISK 🔴
975118534116,1.0,HIGH RISK 🔴
143234364002,1.0,HIGH RISK 🔴
311336411932,1.0,HIGH RISK 🔴
372595590961,1.0,HIGH RISK 🔴
266288988798,1.0,HIGH RISK 🔴
539291641207,1.0,HIGH RISK 🔴
508605091314,1.0,HIGH RISK 🔴
576489933623,1.0,HIGH RISK 🔴
361540275518,1.0,HIGH RISK 🔴
568050388385,1.0,HIGH RISK 🔴
602650812428,1.0,HIGH RISK 🔴
807275461252,1.0,HIGH RISK 🔴
339182404004,1.0,HIGH RISK 🔴
666376818981,1.0,HIGH RISK 🔴
343909230841,1.0,HIGH RISK 🔴
598127997803,1.0,HIGH RISK 🔴
755115383909,1.0,HIGH RISK 🔴
988518369284,1.0,HIGH RISK 🔴
968224647368,1.0,HIGH RISK 🔴
203674520897,1.0,HIGH RISK 🔴
632748000974,1.0,HIGH RISK 🔴
154428555391,1.0,HIGH RISK 🔴
394508411903,1.0,HIGH RISK 🔴
145274171547,1.0,HIGH RISK 🔴
845121543129,1.0,HIGH RISK 🔴
721873377306,1.0,HIGH RISK 🔴
618927487425,1.0,HIGH RISK 🔴
780474888025,1.0,HIGH RISK 🔴
710445745342,1.0,HIGH RISK 🔴
114719480219,1.0,HIGH RISK 🔴
574481307920,1.0,HIGH RISK 🔴
401126968193,1.0,HIGH RISK 🔴
889924668682,1.0,HIGH RISK 🔴
177466595392,1.0,HIGH RISK 🔴
923861727065,1.0,HIGH RISK 🔴
642997542225,1.0,HIGH RISK 🔴
540279763652,1.0,HIGH RISK 🔴
790051132030,1.0,HIGH RISK 🔴
315254806612,1.0,HIGH RISK 🔴
210980741735,1.0,HIGH RISK 🔴
810406687101,1.0,HIGH RISK 🔴
496231568255,1.0,HIGH RISK 🔴
986697435586,1.0,HIGH RISK 🔴
820390301918,1.0,HIGH RISK 🔴
499681686561,1.0,HIGH RISK 🔴
599840554431,1.0,HIGH RISK 🔴
245560023547,1.0,HIGH RISK 🔴
512447658903,1.0,HIGH RISK 🔴
760024321958,1.0,HIGH RISK 🔴
501439496542,1.0,HIGH RISK 🔴
447969445886,1.0,HIGH RISK 🔴
522470272272,1.0,HIGH RISK 🔴
631700658955,1.0,HIGH RISK 🔴
256439652859,1.0,HIGH RISK 🔴
611643762639,1.0,HIGH RISK 🔴
616456719603,1.0,HIGH RISK 🔴
588101541948,1.0,HIGH RISK 🔴
285661523592,1.0,HIGH RISK 🔴
655365282627,1.0,HIGH RISK 🔴
586080930132,1.0,HIGH RISK 🔴
129378393318,1.0,HIGH RISK 🔴
759043866991,1.0,HIGH RISK 🔴
866745816948,1.0,HIGH RISK 🔴
724874077189,1.0,HIGH RISK 🔴
838089966686,1.0,HIGH RISK 🔴
336901847287,1.0,HIGH RISK 🔴
867194848163,1.0,HIGH RISK 🔴
896616529847,1.0,HIGH RISK 🔴
723558437510,1.0,HIGH RISK 🔴
730103630133,1.0,HIGH RISK 🔴
473581341131,1.0,HIGH RISK 🔴
741836888840,1.0,HIGH RISK 🔴
396225846814,1.0,HIGH RISK 🔴
288655801358,1.0,HIGH RISK 🔴
109471831469,1.0,HIGH RISK 🔴
403457718992,1.0,HIGH RISK 🔴
507221146016,1.0,HIGH RISK 🔴
108154140644,1.0,HIGH RISK 🔴
500887827200,1.0,HIGH RISK 🔴
560572263031,1.0,HIGH RISK 🔴
153666226079,1.0,HIGH RISK 🔴
363864429440,1.0,HIGH RISK 🔴
686434923279,1.0,HIGH RISK 🔴
380087585566,1.0,HIGH RISK 🔴
870271697766,1.0,HIGH RISK 🔴
703744072809,1.0,HIGH RISK 🔴
808948458990,1.0,HIGH RISK 🔴
820652724176,1.0,HIGH RISK 🔴
299301009125,1.0,HIGH RISK 🔴
711421598344,1.0,HIGH RISK 🔴
140626150439,1.0,HIGH RISK 🔴
358779058152,1.0,HIGH RISK 🔴
720031665422,1.0,HIGH RISK 🔴
508136251635,1.0,HIGH RISK 🔴
240723888710,1.0,HIGH RISK 🔴
741030921928,1.0,HIGH RISK 🔴
644770349054,1.0,HIGH RISK 🔴
929957648298,1.0,HIGH RISK 🔴
882272441323,1.0,HIGH RISK 🔴
982030766770,1.0,HIGH RISK 🔴
240363019266,1.0,HIGH RISK 🔴
747150979027,1.0,HIGH RISK 🔴
332754128709,1.0,HIGH RISK 🔴
153889382404,1.0,HIGH RISK 🔴
979797036708,1.0,HIGH RISK 🔴
624057867991,1.0,HIGH RISK 🔴
349658785961,1.0,HIGH RISK 🔴
297733385321,1.0,HIGH RISK 🔴
330724417857,1.0,HIGH RISK 🔴
455584832721,1.0,HIGH RISK 🔴
132218965721,1.0,HIGH RISK 🔴
940106906190,1.0,HIGH RISK 🔴
684089525874,1.0,HIGH RISK 🔴
772551937152,1.0,HIGH RISK 🔴
428226126330,1.0,HIGH RISK 🔴
865252242193,1.0,HIGH RISK 🔴
760023131342,1.0,HIGH RISK 🔴
613579314009,1.0,HIGH RISK 🔴
741199184881,1.0,HIGH RISK 🔴
112326566933,1.0,HIGH RISK 🔴
461342691478,1.0,HIGH RISK 🔴
312924384005,1.0,HIGH RISK 🔴
374151397055,1.0,HIGH RISK 🔴
992138490980,1.0,HIGH RISK 🔴
116045540339,1.0,HIGH RISK 🔴
281749349891,1.0,HIGH RISK 🔴
290365142397,1.0,HIGH RISK 🔴
676872988107,1.0,HIGH RISK 🔴
985989219187,1.0,HIGH RISK 🔴
729779425830,1.0,HIGH RISK 🔴
568236957601,1.0,HIGH RISK 🔴
312296831302,1.0,HIGH RISK 🔴
769781576299,1.0,HIGH RISK 🔴
617864515561,1.0,HIGH RISK 🔴
135781480605,1.0,HIGH RISK 🔴
664660337947,1.0,HIGH RISK 🔴
544146924874,1.0,HIGH RISK 🔴
633384699773,1.0,HIGH RISK 🔴
165736495737,1.0,HIGH RISK 🔴
504760316317,1.0,HIGH RISK 🔴
256034270301,1.0,HIGH RISK 🔴
284231991742,1.0,HIGH RISK 🔴
363630723717,1.0,HIGH RISK 🔴
523041582979,1.0,HIGH RISK 🔴
856972758386,1.0,HIGH RISK 🔴
480884065251,1.0,HIGH RISK 🔴
410784479177,1.0,HIGH RISK 🔴
469809136267,1.0,HIGH RISK 🔴
152028812676,1.0,HIGH RISK 🔴
441013261169,1.0,HIGH RISK 🔴
274809140866,1.0,HIGH RISK 🔴
673759199717,1.0,HIGH RISK 🔴
984748635722,1.0,HIGH RISK 🔴
451674814466,1.0,HIGH RISK 🔴
570291695791,1.0,HIGH RISK 🔴
385096287177,1.0,HIGH RISK 🔴
684181515882,1.0,HIGH RISK 🔴
979169739941,1.0,HIGH RISK 🔴
968279009248,1.0,HIGH RISK 🔴
544711261115,1.0,HIGH RISK 🔴
387872390683,1.0,HIGH RISK 🔴
616444994629,1.0,HIGH RISK 🔴
654860566775,1.0,HIGH RISK 🔴
368076813395,1.0,HIGH RISK 🔴
179178898995,1.0,HIGH RISK 🔴
564418540246,1.0,HIGH RISK 🔴
171252278619,1.0,HIGH RISK 🔴
700689033414,1.0,HIGH RISK 🔴
949641912115,1.0,HIGH RISK 🔴
224124110968,1.0,HIGH RISK 🔴
731520518852,1.0,HIGH RISK 🔴
821169477311,1.0,HIGH RISK 🔴
107698410996,1.0,HIGH RISK 🔴
687020869983,1.0,HIGH RISK 🔴
673196961960,1.0,HIGH RISK 🔴
173583314570,1.0,HIGH RISK 🔴
919324724603,1.0,HIGH RISK 🔴
674430463173,1.0,HIGH RISK 🔴
128268190943,1.0,HIGH RISK 🔴
924195799772,1.0,HIGH RISK 🔴
696723680712,1.0,HIGH RISK 🔴
796536474524,1.0,HIGH RISK 🔴
847083676319,1.0,HIGH RISK 🔴
363571679571,1.0,HIGH RISK 🔴
565531774020,1.0,HIGH RISK 🔴
801392059635,1.0,HIGH RISK 🔴
208504718566,1.0,HIGH RISK 🔴
440007849131,1.0,HIGH RISK 🔴
365097932009,1.0,HIGH RISK 🔴
540279589400,1.0,HIGH RISK 🔴
362309168694,1.0,HIGH RISK 🔴
219556758121,1.0,HIGH RISK 🔴
437473641663,1.0,HIGH RISK 🔴
473666286847,1.0,HIGH RISK 🔴
676965526705,1.0,HIGH RISK 🔴
121253431090,1.0,HIGH RISK 🔴
600268391147,1.0,HIGH RISK 🔴
245441832726,1.0,HIGH RISK 🔴
755058829022,1.0,HIGH RISK 🔴
342071671369,1.0,HIGH RISK 🔴
600705124794,1.0,HIGH RISK 🔴
297594693477,1.0,HIGH RISK 🔴
763012111614,1.0,HIGH RISK 🔴
700098146069,1.0,HIGH RISK 🔴
891042513983,1.0,HIGH RISK 🔴
895329204625,1.0,HIGH RISK 🔴
612434237378,1.0,HIGH RISK 🔴
779371635095,1.0,HIGH RISK 🔴
566330767318,1.0,HIGH RISK 🔴
941743975506,1.0,HIGH RISK 🔴
634460977284,1.0,HIGH RISK 🔴
184088100768,1.0,HIGH RISK 🔴
968172187392,1.0,HIGH RISK 🔴
540108345797,1.0,HIGH RISK 🔴
602477141065,1.0,HIGH RISK 🔴
551492233417,1.0,HIGH RISK 🔴
609937675283,1.0,HIGH RISK 🔴
442772480967,1.0,HIGH RISK 🔴
144645669872,1.0,HIGH RISK 🔴
996607836289,1.0,HIGH RISK 🔴
443378983992,1.0,HIGH RISK 🔴
838771232165,1.0,HIGH RISK 🔴
678623690304,1.0,HIGH RISK 🔴
543153015524,1.0,HIGH RISK 🔴
574128210413,1.0,HIGH RISK 🔴
459888437762,1.0,HIGH RISK 🔴
605243500680,1.0,HIGH RISK 🔴
542729191839,1.0,HIGH RISK 🔴
223224626126,1.0,HIGH RISK 🔴
847588354249,1.0,HIGH RISK 🔴
116074229768,1.0,HIGH RISK 🔴
993885374961,1.0,HIGH RISK 🔴
329999178985,1.0,HIGH RISK 🔴
353705342812,1.0,HIGH RISK 🔴
844610197554,1.0,HIGH RISK 🔴
955739631987,1.0,HIGH RISK 🔴
785431586596,1.0,HIGH RISK 🔴
323578633330,1.0,HIGH RISK 🔴
991975466607,1.0,HIGH RISK 🔴
344449951674,1.0,HIGH RISK 🔴
767456892173,1.0,HIGH RISK 🔴
134223216739,1.0,HIGH RISK 🔴
458705107881,1.0,HIGH RISK 🔴
117674107541,1.0,HIGH RISK 🔴
715421374432,1.0,HIGH RISK 🔴
194473009183,1.0,HIGH RISK 🔴
148739886812,1.0,HIGH RISK 🔴
225718536304,1.0,HIGH RISK 🔴
548177591135,1.0,HIGH RISK 🔴
644446647275,1.0,HIGH RISK 🔴
973714193523,1.0,HIGH RISK 🔴
102217698808,1.0,HIGH RISK 🔴
109026037745,1.0,HIGH RISK 🔴
920158523337,1.0,HIGH RISK 🔴
973808962080,1.0,HIGH RISK 🔴
869122644466,1.0,HIGH RISK 🔴
181689173666,1.0,HIGH RISK 🔴
502879283999,1.0,HIGH RISK 🔴
942319568075,1.0,HIGH RISK 🔴
584881994811,1.0,HIGH RISK 🔴
217890807111,1.0,HIGH RISK 🔴
701801351680,1.0,HIGH RISK 🔴
998120466953,1.0,HIGH RISK 🔴
144310675458,1.0,HIGH RISK 🔴
422444279303,1.0,HIGH RISK 🔴
348519390154,1.0,HIGH RISK 🔴
842971188963,1.0,HIGH RISK 🔴
403733012747,1.0,HIGH RISK 🔴
906200045335,1.0,HIGH RISK 🔴
958649642278,1.0,HIGH RISK 🔴
533824024223,1.0,HIGH RISK 🔴
977941921268,1.0,HIGH RISK 🔴
845412214862,1.0,HIGH RISK 🔴
610943864703,1.0,HIGH RISK 🔴
593636991103,1.0,HIGH RISK 🔴
102737871600,1.0,HIGH RISK 🔴
148441618663,1.0,HIGH RISK 🔴
118668444977,1.0,HIGH RISK 🔴
663308989714,1.0,HIGH RISK 🔴
399365042283,1.0,HIGH RISK 🔴
788860349148,1.0,HIGH RISK 🔴
405979662593,1.0,HIGH RISK 🔴
670469218523,1.0,HIGH RISK 🔴
672659590060,1.0,HIGH RISK 🔴
325655309650,1.0,HIGH RISK 🔴
499177386410,1.0,HIGH RISK 🔴
962307635582,1.0,HIGH RISK 🔴
221231370448,1.0,HIGH RISK 🔴
659181618612,1.0,HIGH RISK 🔴
864653653577,1.0,HIGH RISK 🔴
327767421227,1.0,HIGH RISK 🔴
447289379996,1.0,HIGH RISK 🔴
988898355610,1.0,HIGH RISK 🔴
943903833120,1.0,HIGH RISK 🔴
351354006400,1.0,HIGH RISK 🔴
163363455004,1.0,HIGH RISK 🔴
866349560152,1.0,HIGH RISK 🔴
779392974971,1.0,HIGH RISK 🔴
245619165608,1.0,HIGH RISK 🔴
693925492995,1.0,HIGH RISK 🔴
685699295101,1.0,HIGH RISK 🔴
618082822711,1.0,HIGH RISK 🔴
716787862430,1.0,HIGH RISK 🔴
200277813517,1.0,HIGH RISK 🔴
253129186094,1.0,HIGH RISK 🔴
680222664913,1.0,HIGH RISK 🔴
705874047615,1.0,HIGH RISK 🔴
905987631813,1.0,HIGH RISK 🔴
477633844456,1.0,HIGH RISK 🔴
209057218764,1.0,HIGH RISK 🔴
929785090010,1.0,HIGH RISK 🔴
273771238640,1.0,HIGH RISK 🔴
715165045195,1.0,HIGH RISK 🔴
535056167311,1.0,HIGH RISK 🔴
593079952861,1.0,HIGH RISK 🔴
315287291123,1.0,HIGH RISK 🔴
469103068541,1.0,HIGH RISK 🔴
341931678059,1.0,HIGH RISK 🔴
908495497886,1.0,HIGH RISK 🔴
218669775257,1.0,HIGH RISK 🔴
137946130895,1.0,HIGH RISK 🔴
193349723902,1.0,HIGH RISK 🔴
562801448959,1.0,HIGH RISK 🔴
462916785859,1.0,HIGH RISK 🔴
425908745595,1.0,HIGH RISK 🔴
728239695934,1.0,HIGH RISK 🔴
217292294715,1.0,HIGH RISK 🔴
337160364098,1.0,HIGH RISK 🔴
340628295600,1.0,HIGH RISK 🔴
568702272026,1.0,HIGH RISK 🔴
583336637273,1.0,HIGH RISK 🔴
813996892358,1.0,HIGH RISK 🔴
529473881186,1.0,HIGH RISK 🔴
111238719517,1.0,HIGH RISK 🔴
770440714571,1.0,HIGH RISK 🔴
362522811798,1.0,HIGH RISK 🔴
477964325196,1.0,HIGH RISK 🔴
228889323808,1.0,HIGH RISK 🔴
962468000430,1.0,HIGH RISK 🔴
670943082551,1.0,HIGH RISK 🔴
117843443336,1.0,HIGH RISK 🔴
915414990086,1.0,HIGH RISK 🔴
657041492664,1.0,HIGH RISK 🔴
349662957373,1.0,HIGH RISK 🔴
115285072530,1.0,HIGH RISK 🔴
757432523395,1.0,HIGH RISK 🔴
574243821286,1.0,HIGH RISK 🔴
981000737262,1.0,HIGH RISK 🔴
204523879683,1.0,HIGH RISK 🔴
772375442735,1.0,HIGH RISK 🔴
845997173430,1.0,HIGH RISK 🔴
545221917557,1.0,HIGH RISK 🔴
350406811571,1.0,HIGH RISK 🔴
533288158316,1.0,HIGH RISK 🔴
802919506617,1.0,HIGH RISK 🔴
569753292648,1.0,HIGH RISK 🔴
625257440227,1.0,HIGH RISK 🔴
833973873838,1.0,HIGH RISK 🔴
572859068885,1.0,HIGH RISK 🔴
564041450536,1.0,HIGH RISK 🔴
873267240090,1.0,HIGH RISK 🔴
376972128796,1.0,HIGH RISK 🔴
564049598878,1.0,HIGH RISK 🔴
377341171018,1.0,HIGH RISK 🔴
630669428158,1.0,HIGH RISK 🔴
506846472945,1.0,HIGH RISK 🔴
268743087039,1.0,HIGH RISK 🔴
688847770222,1.0,HIGH RISK 🔴
413714556822,1.0,HIGH RISK 🔴
345651807525,1.0,HIGH RISK 🔴
106207993347,1.0,HIGH RISK 🔴
510060192564,1.0,HIGH RISK 🔴
742635858632,1.0,HIGH RISK 🔴
601842855967,1.0,HIGH RISK 🔴
584753687576,1.0,HIGH RISK 🔴
418852342110,1.0,HIGH RISK 🔴
781437694137,1.0,HIGH RISK 🔴
950990774309,1.0,HIGH RISK 🔴
652534413045,1.0,HIGH RISK 🔴
277157968540,1.0,HIGH RISK 🔴
998575009324,1.0,HIGH RISK 🔴
843604448579,1.0,HIGH RISK 🔴
281920678491,1.0,HIGH RISK 🔴
658156286090,1.0,HIGH RISK 🔴
771309062290,1.0,HIGH RISK 🔴
197908489111,1.0,HIGH RISK 🔴
960883463140,1.0,HIGH RISK 🔴
375336595227,1.0,HIGH RISK 🔴
456540360141,1.0,HIGH RISK 🔴
473657396069,1.0,HIGH RISK 🔴
861077065945,1.0,HIGH RISK 🔴
190413727164,1.0,HIGH RISK 🔴
249238728236,1.0,HIGH RISK 🔴
570888625296,1.0,HIGH RISK 🔴
172158897885,1.0,HIGH RISK 🔴
366886602930,1.0,HIGH RISK 🔴
677997194458,1.0,HIGH RISK 🔴
143637285197,1.0,HIGH RISK 🔴
193528644663,1.0,HIGH RISK 🔴
990222088050,1.0,HIGH RISK 🔴
263731533580,1.0,HIGH RISK 🔴
836740865901,1.0,HIGH RISK 🔴
418731291802,1.0,HIGH RISK 🔴
568091271023,1.0,HIGH RISK 🔴
562432558408,1.0,HIGH RISK 🔴
356496717234,1.0,HIGH RISK 🔴
563779180291,1.0,HIGH RISK 🔴
152254249052,1.0,HIGH RISK 🔴
653104465583,1.0,HIGH RISK 🔴
916601536756,1.0,HIGH RISK 🔴
842634166075,1.0,HIGH RISK 🔴
740070681527,1.0,HIGH RISK 🔴
271278249560,1.0,HIGH RISK 🔴
226072125732,1.0,HIGH RISK 🔴
464381251366,1.0,HIGH RISK 🔴
873256762093,1.0,HIGH RISK 🔴
806773976066,1.0,HIGH RISK 🔴
863608709156,1.0,HIGH RISK 🔴
886820365145,1.0,HIGH RISK 🔴
584221305519,1.0,HIGH RISK 🔴
403381366917,1.0,HIGH RISK 🔴
773198633325,1.0,HIGH RISK 🔴
942553780957,1.0,HIGH RISK 🔴
931666672837,1.0,HIGH RISK 🔴
529845834920,1.0,HIGH RISK 🔴
674607103515,1.0,HIGH RISK 🔴
402579211470,1.0,HIGH RISK 🔴
945992230752,1.0,HIGH RISK 🔴
795303676426,1.0,HIGH RISK 🔴
910642016759,1.0,HIGH RISK 🔴
219413401123,1.0,HIGH RISK 🔴
250811089623,1.0,HIGH RISK 🔴
100934969248,1.0,HIGH RISK 🔴
835412470422,1.0,HIGH RISK 🔴
312624526913,1.0,HIGH RISK 🔴
616648333990,1.0,HIGH RISK 🔴
233585223456,1.0,HIGH RISK 🔴
492134813597,1.0,HIGH RISK 🔴
682445560259,1.0,HIGH RISK 🔴
479941696876,1.0,HIGH RISK 🔴
611461797863,1.0,HIGH RISK 🔴
548220947377,1.0,HIGH RISK 🔴
122229385729,1.0,HIGH RISK 🔴
125174003135,1.0,HIGH RISK 🔴
989466034491,1.0,HIGH RISK 🔴
168254014740,1.0,HIGH RISK 🔴
219291025953,1.0,HIGH RISK 🔴
907329372110,1.0,HIGH RISK 🔴
642694677881,1.0,HIGH RISK 🔴
204065075152,1.0,HIGH RISK 🔴
132984613727,1.0,HIGH RISK 🔴
866135369261,1.0,HIGH RISK 🔴
424535455796,1.0,HIGH RISK 🔴
181025664540,1.0,HIGH RISK 🔴
333093979528,1.0,HIGH RISK 🔴
217748331717,1.0,HIGH RISK 🔴
504055450499,1.0,HIGH RISK 🔴
233925024642,1.0,HIGH RISK 🔴
349343091397,1.0,HIGH RISK 🔴
969838542844,1.0,HIGH RISK 🔴
659291881399,1.0,HIGH RISK 🔴
177113776841,1.0,HIGH RISK 🔴
6565370096,1.0,HIGH RISK 🔴
9247252219,1.0,HIGH RISK 🔴
9142993225,1.0,HIGH RISK 🔴
7255185310,1.0,HIGH RISK 🔴
8125029104,1.0,HIGH RISK 🔴
7632538706,1.0,HIGH RISK 🔴
6780583620,1.0,HIGH RISK 🔴
7382109298,1.0,HIGH RISK 🔴
9627678732,1.0,HIGH RISK 🔴
7873947969,1.0,HIGH RISK 🔴
9123910007,1.0,HIGH RISK 🔴
7213206122,1.0,HIGH RISK 🔴
9891270217,1.0,HIGH RISK 🔴
7188153645,1.0,HIGH RISK 🔴
8287289473,1.0,HIGH RISK 🔴
8850933396,1.0,HIGH RISK 🔴
7426324306,1.0,HIGH RISK 🔴
859756955471,0.0,NORMAL 🟢
361374041380,0.0,NORMAL 🟢
124429364645,0.0,NORMAL 🟢
734312577231,0.0,NORMAL 🟢
524041452535,0.0,NORMAL 🟢
933652240051,0.0,NORMAL 🟢
528797995614,0.0,NORMAL 🟢
267728826173,0.0,NORMAL 🟢
226973603439,0.0,NORMAL 🟢
254452811501,0.0,NORMAL 🟢
968497788425,0.0,NORMAL 🟢
154969725493,0.0,NORMAL 🟢
429770757875,0.0,NORMAL 🟢
7690021300,0.0,NORMAL 🟢
7129464463,0.0,NORMAL 🟢
7943688602,0.0,NORMAL 🟢
6749862862,0.0,NORMAL 🟢
590047730845,0.0,NORMAL 🟢
229581122073,0.0,NORMAL 🟢
274458130874,0.0,NORMAL 🟢
482386982969,0.0,NORMAL 🟢
395696333606,0.0,NORMAL 🟢
224005790710,0.0,NORMAL 🟢
952195056913,0.0,NORMAL 🟢
956375635929,0.0,NORMAL 🟢
115934310492,0.0,NORMAL 🟢
117096069474,0.0,NORMAL 🟢
335453942763,0.0,NORMAL 🟢
784057931555,0.0,NORMAL 🟢
319992270549,0.0,NORMAL 🟢
395927890381,0.0,NORMAL 🟢
697712689444,0.0,NORMAL 🟢
220936937117,0.0,NORMAL 🟢
722969911797,0.0,NORMAL 🟢
478493833339,0.0,NORMAL 🟢
853045195125,0.0,NORMAL 🟢
683331739850,0.0,NORMAL 🟢
519268439688,0.0,NORMAL 🟢
142957634592,0.0,NORMAL 🟢
186703152317,0.0,NORMAL 🟢
723012312318,0.0,NORMAL 🟢
481938578764,0.0,NORMAL 🟢
719139270054,0.0,NORMAL 🟢
426167365881,0.0,NORMAL 🟢
961639812111,0.0,NORMAL 🟢
349662456910,0.0,NORMAL 🟢
237935377023,0.0,NORMAL 🟢
272516173249,0.0,NORMAL 🟢
380603934539,0.0,NORMAL 🟢
241290416673,0.0,NORMAL 🟢
385394024619,0.0,NORMAL 🟢
695958013522,0.0,NORMAL 🟢
261156920753,0.0,NORMAL 🟢
139010089490,0.0,NORMAL 🟢
732913468264,0.0,NORMAL 🟢
250768275287,0.0,NORMAL 🟢
524029169751,0.0,NORMAL 🟢
296717460556,0.0,NORMAL 🟢
663429304629,0.0,NORMAL 🟢
605928682364,0.0,NORMAL 🟢
157419591676,0.0,NORMAL 🟢
277593893863,0.0,NORMAL 🟢
157999307278,0.0,NORMAL 🟢
284873337849,0.0,NORMAL 🟢
415113637702,0.0,NORMAL 🟢
199090117588,0.0,NORMAL 🟢
663758057985,0.0,NORMAL 🟢
625407595534,0.0,NORMAL 🟢
501287780201,0.0,NORMAL 🟢
986512789500,0.0,NORMAL 🟢
434767631754,0.0,NORMAL 🟢
568283709379,0.0,NORMAL 🟢
639970431143,0.0,NORMAL 🟢
470262798559,0.0,NORMAL 🟢
554687917245,0.0,NORMAL 🟢
165581138553,0.0,NORMAL 🟢
917436440965,0.0,NORMAL 🟢
422335087600,0.0,NORMAL 🟢
360480751036,0.0,NORMAL 🟢
869382953695,0.0,NORMAL 🟢
837888632385,0.0,NORMAL 🟢
843061998633,0.0,NORMAL 🟢
450021252677,0.0,NORMAL 🟢
465184340157,0.0,NORMAL 🟢
337447013405,0.0,NORMAL 🟢
417861027180,0.0,NORMAL 🟢
669661513463,0.0,NORMAL 🟢
352278421604,0.0,NORMAL 🟢
570624664147,0.0,NORMAL 🟢
982916490803,0.0,NORMAL 🟢
381209936404,0.0,NORMAL 🟢
748452504018,0.0,NORMAL 🟢
422984599180,0.0,NORMAL 🟢
204308774872,0.0,NORMAL 🟢
238679567461,0.0,NORMAL 🟢
837385404078,0.0,NORMAL 🟢
948099485408,0.0,NORMAL 🟢
683007816028,0.0,NORMAL 🟢
904569585932,0.0,NORMAL 🟢
143267285208,0.0,NORMAL 🟢
558158012368,0.0,NORMAL 🟢
508383601915,0.0,NORMAL 🟢
878624133464,0.0,NORMAL 🟢
515762487297,0.0,NORMAL 🟢
171082423824,0.0,NORMAL 🟢
686625569555,0.0,NORMAL 🟢
100343888189,0.0,NORMAL 🟢
265693662332,0.0,NORMAL 🟢
442944672857,0.0,NORMAL 🟢
854468587920,0.0,NORMAL 🟢
375989618490,0.0,NORMAL 🟢
473299694364,0.0,NORMAL 🟢
610034453774,0.0,NORMAL 🟢
947988136294,0.0,NORMAL 🟢
545141241619,0.0,NORMAL 🟢
634884403453,0.0,NORMAL 🟢
523056451720,0.0,NORMAL 🟢
232048155001,0.0,NORMAL 🟢
247183100334,0.0,NORMAL 🟢
533352048087,0.0,NORMAL 🟢
472647348357,0.0,NORMAL 🟢
343060105762,0.0,NORMAL 🟢
299771193643,0.0,NORMAL 🟢
773200398234,0.0,NORMAL 🟢
517219773680,0.0,NORMAL 🟢
686283713503,0.0,NORMAL 🟢
959407410937,0.0,NORMAL 🟢
361260806956,0.0,NORMAL 🟢
673166106218,0.0,NORMAL 🟢
242321436734,0.0,NORMAL 🟢
464048724203,0.0,NORMAL 🟢
362167579244,0.0,NORMAL 🟢
343699991262,0.0,NORMAL 🟢
237990786015,0.0,NORMAL 🟢
517256526759,0.0,NORMAL 🟢
931213592091,0.0,NORMAL 🟢
278599599166,0.0,NORMAL 🟢
728696648388,0.0,NORMAL 🟢
862937041520,0.0,NORMAL 🟢
782002609888,0.0,NORMAL 🟢
662684537509,0.0,NORMAL 🟢
723420260007,0.0,NORMAL 🟢
450469768915,0.0,NORMAL 🟢
280484020922,0.0,NORMAL 🟢
771188304514,0.0,NORMAL 🟢
811494171909,0.0,NORMAL 🟢
664915753544,0.0,NORMAL 🟢
989219850792,0.0,NORMAL 🟢
258818276357,0.0,NORMAL 🟢
726479951914,0.0,NORMAL 🟢
314181936936,0.0,NORMAL 🟢
624900554384,0.0,NORMAL 🟢
998742548443,0.0,NORMAL 🟢
218230570155,0.0,NORMAL 🟢
785920661184,0.0,NORMAL 🟢
318914861276,0.0,NORMAL 🟢
428587556277,0.0,NORMAL 🟢
716476467406,0.0,NORMAL 🟢
355327642638,0.0,NORMAL 🟢
645538515838,0.0,NORMAL 🟢
916681876779,0.0,NORMAL 🟢
498634522951,0.0,NORMAL 🟢
117010488793,0.0,NORMAL 🟢
664396627819,0.0,NORMAL 🟢
123267965527,0.0,NORMAL 🟢
482034641079,0.0,NORMAL 🟢
607814661239,0.0,NORMAL 🟢
757596943077,0.0,NORMAL 🟢
507750440969,0.0,NORMAL 🟢
902592930232,0.0,NORMAL 🟢
721264788710,0.0,NORMAL 🟢
557124744136,0.0,NORMAL 🟢
360881670436,0.0,NORMAL 🟢
987070567007,0.0,NORMAL 🟢
730566929748,0.0,NORMAL 🟢
226194069235,0.0,NORMAL 🟢
701122124929,0.0,NORMAL 🟢
937652272274,0.0,NORMAL 🟢
991577719309,0.0,NORMAL 🟢
753591268385,0.0,NORMAL 🟢
381294140709,0.0,NORMAL 🟢
856377026696,0.0,NORMAL 🟢
459403741735,0.0,NORMAL 🟢
494023525842,0.0,NORMAL 🟢
451600007320,0.0,NORMAL 🟢
828543814766,0.0,NORMAL 🟢
278070034887,0.0,NORMAL 🟢
226969859902,0.0,NORMAL 🟢
380590439365,0.0,NORMAL 🟢
704963106558,0.0,NORMAL 🟢
203522486662,0.0,NORMAL 🟢
405628544877,0.0,NORMAL 🟢
605020051089,0.0,NORMAL 🟢
673325262759,0.0,NORMAL 🟢
899694004469,0.0,NORMAL 🟢
726381189800,0.0,NORMAL 🟢
219956316148,0.0,NORMAL 🟢
392260761051,0.0,NORMAL 🟢
404405860236,0.0,NORMAL 🟢
387162634193,0.0,NORMAL 🟢
403160193554,0.0,NORMAL 🟢
606381507948,0.0,NORMAL 🟢
341735179941,0.0,NORMAL 🟢
863897611895,0.0,NORMAL 🟢
604007445703,0.0,NORMAL 🟢
686636490647,0.0,NORMAL 🟢
988045032421,0.0,NORMAL 🟢
631189536849,0.0,NORMAL 🟢
822906759662,0.0,NORMAL 🟢
813241096079,0.0,NORMAL 🟢
365017653905,0.0,NORMAL 🟢
659515565538,0.0,NORMAL 🟢
181283235024,0.0,NORMAL 🟢
791353756720,0.0,NORMAL 🟢
396224263197,0.0,NORMAL 🟢
174942933125,0.0,NORMAL 🟢
674094046713,0.0,NORMAL 🟢
224266967423,0.0,NORMAL 🟢
349372766375,0.0,NORMAL 🟢
657737846227,0.0,NORMAL 🟢
692198483818,0.0,NORMAL 🟢
494222100825,0.0,NORMAL 🟢
309561331902,0.0,NORMAL 🟢
278239027548,0.0,NORMAL 🟢
100480768257,0.0,NORMAL 🟢
310739215692,0.0,NORMAL 🟢
603834150128,0.0,NORMAL 🟢
214123129151,0.0,NORMAL 🟢
571760466548,0.0,NORMAL 🟢
341363219658,0.0,NORMAL 🟢
946280009672,0.0,NORMAL 🟢
161999452056,0.0,NORMAL 🟢
160376467541,0.0,NORMAL 🟢
620055378805,0.0,NORMAL 🟢
528716923808,0.0,NORMAL 🟢
351222968995,0.0,NORMAL 🟢
790272598032,0.0,NORMAL 🟢
423252166976,0.0,NORMAL 🟢
213282192623,0.0,NORMAL 🟢
545359159238,0.0,NORMAL 🟢
352400071352,0.0,NORMAL 🟢
870677640171,0.0,NORMAL 🟢
253226263471,0.0,NORMAL 🟢
721879927874,0.0,NORMAL 🟢
386732203157,0.0,NORMAL 🟢
518522783124,0.0,NORMAL 🟢
567569401444,0.0,NORMAL 🟢
338702957130,0.0,NORMAL 🟢
953533817789,0.0,NORMAL 🟢
287919676972,0.0,NORMAL 🟢
108447240524,0.0,NORMAL 🟢
863076556134,0.0,NORMAL 🟢
574082028661,0.0,NORMAL 🟢
203382163613,0.0,NORMAL 🟢
818490817045,0.0,NORMAL 🟢
363554328122,0.0,NORMAL 🟢
635529538620,0.0,NORMAL 🟢
799172002958,0.0,NORMAL 🟢
338161715616,0.0,NORMAL 🟢
492091367948,0.0,NORMAL 🟢
472921655822,0.0,NORMAL 🟢
558932891409,0.0,NORMAL 🟢
395868608927,0.0,NORMAL 🟢
266488740969,0.0,NORMAL 🟢
545352175295,0.0,NORMAL 🟢
256002213979,0.0,NORMAL 🟢
437011234303,0.0,NORMAL 🟢
343752792151,0.0,NORMAL 🟢
145413532510,0.0,NORMAL 🟢
950485821072,0.0,NORMAL 🟢
420267460276,0.0,NORMAL 🟢
881791420945,0.0,NORMAL 🟢
674392253276,0.0,NORMAL 🟢
177213522032,0.0,NORMAL 🟢
694284682433,0.0,NORMAL 🟢
801312624685,0.0,NORMAL 🟢
328728113057,0.0,NORMAL 🟢
782033243517,0.0,NORMAL 🟢
906953402332,0.0,NORMAL 🟢
146425587422,0.0,NORMAL 🟢
639110265591,0.0,NORMAL 🟢
716665181968,0.0,NORMAL 🟢
715721818745,0.0,NORMAL 🟢
375058576164,0.0,NORMAL 🟢
716483293564,0.0,NORMAL 🟢
269408550833,0.0,NORMAL 🟢
172281246591,0.0,NORMAL 🟢
741846599381,0.0,NORMAL 🟢
871756992149,0.0,NORMAL 🟢
356693579683,0.0,NORMAL 🟢
463954417060,0.0,NORMAL 🟢
557520375298,0.0,NORMAL 🟢
593561386881,0.0,NORMAL 🟢
674307792276,0.0,NORMAL 🟢
875532140198,0.0,NORMAL 🟢
591799085101,0.0,NORMAL 🟢
624807597907,0.0,NORMAL 🟢
947038822904,0.0,NORMAL 🟢
632028427186,0.0,NORMAL 🟢
721232875528,0.0,NORMAL 🟢
306525399801,0.0,NORMAL 🟢
640292854350,0.0,NORMAL 🟢
722425637983,0.0,NORMAL 🟢
958481864078,0.0,NORMAL 🟢
230263163987,0.0,NORMAL 🟢
965851169188,0.0,NORMAL 🟢
132344702413,0.0,NORMAL 🟢
190389195897,0.0,NORMAL 🟢
409415884992,0.0,NORMAL 🟢
268663768403,0.0,NORMAL 🟢
374231735309,0.0,NORMAL 🟢
897431133459,0.0,NORMAL 🟢
941747506742,0.0,NORMAL 🟢
276431824632,0.0,NORMAL 🟢
825701067212,0.0,NORMAL 🟢
326777800052,0.0,NORMAL 🟢
937876972550,0.0,NORMAL 🟢
855921685583,0.0,NORMAL 🟢
298482973169,0.0,NORMAL 🟢
328302069299,0.0,NORMAL 🟢
752853296733,0.0,NORMAL 🟢
598888689400,0.0,NORMAL 🟢
126350973440,0.0,NORMAL 🟢
128456196751,0.0,NORMAL 🟢
263159319903,0.0,NORMAL 🟢
893528697185,0.0,NORMAL 🟢
469956559644,0.0,NORMAL 🟢
915146066309,0.0,NORMAL 🟢
330903287892,0.0,NORMAL 🟢
960734776825,0.0,NORMAL 🟢
604778320564,0.0,NORMAL 🟢
630306720853,0.0,NORMAL 🟢
467826989335,0.0,NORMAL 🟢
385250469740,0.0,NORMAL 🟢
425436384662,0.0,NORMAL 🟢
685189292546,0.0,NORMAL 🟢
953801130171,0.0,NORMAL 🟢
346495133708,0.0,NORMAL 🟢
836740035672,0.0,NORMAL 🟢
107400544689,0.0,NORMAL 🟢
426411353734,0.0,NORMAL 🟢
735208149019,0.0,NORMAL 🟢
395930551805,0.0,NORMAL 🟢
676619318764,0.0,NORMAL 🟢
193123637346,0.0,NORMAL 🟢
672019892647,0.0,NORMAL 🟢
603288128475,0.0,NORMAL 🟢
619687380676,0.0,NORMAL 🟢
818719318715,0.0,NORMAL 🟢
894083658948,0.0,NORMAL 🟢
448014081734,0.0,NORMAL 🟢
271059135678,0.0,NORMAL 🟢
948228352754,0.0,NORMAL 🟢
777291603466,0.0,NORMAL 🟢
973659620271,0.0,NORMAL 🟢
737711486462,0.0,NORMAL 🟢
248914686209,0.0,NORMAL 🟢
233932710824,0.0,NORMAL 🟢
312424860904,0.0,NORMAL 🟢
562844798740,0.0,NORMAL 🟢
554575177736,0.0,NORMAL 🟢
268265578794,0.0,NORMAL 🟢
202452816493,0.0,NORMAL 🟢
519444418912,0.0,NORMAL 🟢
226488898544,0.0,NORMAL 🟢
530337059811,0.0,NORMAL 🟢
231918371602,0.0,NORMAL 🟢
181204702375,0.0,NORMAL 🟢
328872593479,0.0,NORMAL 🟢
473310615336,0.0,NORMAL 🟢
789237437812,0.0,NORMAL 🟢
710211759032,0.0,NORMAL 🟢
491034499550,0.0,NORMAL 🟢
805114396423,0.0,NORMAL 🟢
530460934029,0.0,NORMAL 🟢
744741862736,0.0,NORMAL 🟢
499901549558,0.0,NORMAL 🟢
110384959788,0.0,NORMAL 🟢
304545237837,0.0,NORMAL 🟢
690404649830,0.0,NORMAL 🟢
631622550414,0.0,NORMAL 🟢
708514231918,0.0,NORMAL 🟢
974186041087,0.0,NORMAL 🟢
129988049582,0.0,NORMAL 🟢
806045259926,0.0,NORMAL 🟢
804109206400,0.0,NORMAL 🟢
332964899062,0.0,NORMAL 🟢
958020904681,0.0,NORMAL 🟢
448964526667,0.0,NORMAL 🟢
100362173146,0.0,NORMAL 🟢
285114514780,0.0,NORMAL 🟢
241667325977,0.0,NORMAL 🟢
127881890679,0.0,NORMAL 🟢
737975386971,0.0,NORMAL 🟢
613914224748,0.0,NORMAL 🟢
480637855908,0.0,NORMAL 🟢
770718032124,0.0,NORMAL 🟢
397457293883,0.0,NORMAL 🟢
529751423739,0.0,NORMAL 🟢
837183735807,0.0,NORMAL 🟢
574113529233,0.0,NORMAL 🟢
410811820843,0.0,NORMAL 🟢
509713118134,0.0,NORMAL 🟢
694676226894,0.0,NORMAL 🟢
242941735864,0.0,NORMAL 🟢
303383293157,0.0,NORMAL 🟢
826897443999,0.0,NORMAL 🟢
529275196259,0.0,NORMAL 🟢
519730629209,0.0,NORMAL 🟢
192306071653,0.0,NORMAL 🟢
692117287127,0.0,NORMAL 🟢
103221695288,0.0,NORMAL 🟢
946418935956,0.0,NORMAL 🟢
424337689933,0.0,NORMAL 🟢
835543280444,0.0,NORMAL 🟢
235965893816,0.0,NORMAL 🟢
717694925473,0.0,NORMAL 🟢
110878977391,0.0,NORMAL 🟢
869348809167,0.0,NORMAL 🟢
292251420204,0.0,NORMAL 🟢
919523441835,0.0,NORMAL 🟢
535225479072,0.0,NORMAL 🟢
256734220895,0.0,NORMAL 🟢
819186535590,0.0,NORMAL 🟢
406800694017,0.0,NORMAL 🟢
894883731255,0.0,NORMAL 🟢
728483645736,0.0,NORMAL 🟢
588411371791,0.0,NORMAL 🟢
342494653597,0.0,NORMAL 🟢
140141479784,0.0,NORMAL 🟢
687813846420,0.0,NORMAL 🟢
790939273102,0.0,NORMAL 🟢
674899059295,0.0,NORMAL 🟢
348117817954,0.0,NORMAL 🟢
332403695233,0.0,NORMAL 🟢
572483773388,0.0,NORMAL 🟢
661660064818,0.0,NORMAL 🟢
805424270527,0.0,NORMAL 🟢
588383279858,0.0,NORMAL 🟢
367319075636,0.0,NORMAL 🟢
372530867281,0.0,NORMAL 🟢
368167840579,0.0,NORMAL 🟢
277705228104,0.0,NORMAL 🟢
452510856287,0.0,NORMAL 🟢
191423066363,0.0,NORMAL 🟢
216106769674,0.0,NORMAL 🟢
481917441578,0.0,NORMAL 🟢
592855723355,0.0,NORMAL 🟢
428949011139,0.0,NORMAL 🟢
855351585429,0.0,NORMAL 🟢
423180851871,0.0,NORMAL 🟢
512727909516,0.0,NORMAL 🟢
600814471209,0.0,NORMAL 🟢
303107668168,0.0,NORMAL 🟢
556232617460,0.0,NORMAL 🟢
700409837326,0.0,NORMAL 🟢
903412588712,0.0,NORMAL 🟢
356616809553,0.0,NORMAL 🟢
570410427891,0.0,NORMAL 🟢
454813897464,0.0,NORMAL 🟢
400112248735,0.0,NORMAL 🟢
821912094868,0.0,NORMAL 🟢
423999547625,0.0,NORMAL 🟢
627695424828,0.0,NORMAL 🟢
832570275487,0.0,NORMAL 🟢
925718385817,0.0,NORMAL 🟢
473972373164,0.0,NORMAL 🟢
889295941224,0.0,NORMAL 🟢
516969262768,0.0,NORMAL 🟢
889551724459,0.0,NORMAL 🟢
127052425325,0.0,NORMAL 🟢
233022239729,0.0,NORMAL 🟢
915927130354,0.0,NORMAL 🟢
393403323821,0.0,NORMAL 🟢
419493356839,0.0,NORMAL 🟢
157723499381,0.0,NORMAL 🟢
765979996306,0.0,NORMAL 🟢
144023089315,0.0,NORMAL 🟢
695351754761,0.0,NORMAL 🟢
180189751205,0.0,NORMAL 🟢
516195244924,0.0,NORMAL 🟢
578722892403,0.0,NORMAL 🟢
221749770131,0.0,NORMAL 🟢
454771954319,0.0,NORMAL 🟢
411751330293,0.0,NORMAL 🟢
894632255045,0.0,NORMAL 🟢
624696037573,0.0,NORMAL 🟢
714121594684,0.0,NORMAL 🟢
895760610558,0.0,NORMAL 🟢
338907286842,0.0,NORMAL 🟢
530550264033,0.0,NORMAL 🟢
108591257803,0.0,NORMAL 🟢
350053782566,0.0,NORMAL 🟢
710824663316,0.0,NORMAL 🟢
196365304883,0.0,NORMAL 🟢
391355975391,0.0,NORMAL 🟢
500873493318,0.0,NORMAL 🟢
295728067876,0.0,NORMAL 🟢
949616087064,0.0,NORMAL 🟢
945202029197,0.0,NORMAL 🟢
617686725498,0.0,NORMAL 🟢
395321439809,0.0,NORMAL 🟢
403415100628,0.0,NORMAL 🟢
823341086891,0.0,NORMAL 🟢
735954983584,0.0,NORMAL 🟢
778797158353,0.0,NORMAL 🟢
739923140026,0.0,NORMAL 🟢
155187730913,0.0,NORMAL 🟢
923406938733,0.0,NORMAL 🟢
728787436361,0.0,NORMAL 🟢
499494315382,0.0,NORMAL 🟢
784905843619,0.0,NORMAL 🟢
210409430639,0.0,NORMAL 🟢
311287607792,0.0,NORMAL 🟢
576644255590,0.0,NORMAL 🟢
485781191258,0.0,NORMAL 🟢
967365831308,0.0,NORMAL 🟢
166680165701,0.0,NORMAL 🟢
647170968885,0.0,NORMAL 🟢
423506545103,0.0,NORMAL 🟢
842273867045,0.0,NORMAL 🟢
110735010897,0.0,NORMAL 🟢
359823402331,0.0,NORMAL 🟢
257165747807,0.0,NORMAL 🟢
261601572820,0.0,NORMAL 🟢
756271026061,0.0,NORMAL 🟢
186543848446,0.0,NORMAL 🟢
777386427968,0.0,NORMAL 🟢
360362387475,0.0,NORMAL 🟢
909078388425,0.0,NORMAL 🟢
988230517684,0.0,NORMAL 🟢
157835040939,0.0,NORMAL 🟢
612837274567,0.0,NORMAL 🟢
891091714808,0.0,NORMAL 🟢
965682573226,0.0,NORMAL 🟢
156067911691,0.0,NORMAL 🟢
816559940788,0.0,NORMAL 🟢
416608259946,0.0,NORMAL 🟢
545157780652,0.0,NORMAL 🟢
184582698844,0.0,NORMAL 🟢
516857500976,0.0,NORMAL 🟢
448029166955,0.0,NORMAL 🟢
720608341395,0.0,NORMAL 🟢
358499042627,0.0,NORMAL 🟢
595026370807,0.0,NORMAL 🟢
680373566551,0.0,NORMAL 🟢
382940743973,0.0,NORMAL 🟢
289434702774,0.0,NORMAL 🟢
130910417402,0.0,NORMAL 🟢
528683477367,0.0,NORMAL 🟢
174655533267,0.0,NORMAL 🟢
858163127767,0.0,NORMAL 🟢
486163158522,0.0,NORMAL 🟢
330790943894,0.0,NORMAL 🟢
456194483943,0.0,NORMAL 🟢
476312525323,0.0,NORMAL 🟢
739781903505,0.0,NORMAL 🟢
460106396991,0.0,NORMAL 🟢
628050341507,0.0,NORMAL 🟢
568391826177,0.0,NORMAL 🟢
708414847133,0.0,NORMAL 🟢
275406615705,0.0,NORMAL 🟢
770959444040,0.0,NORMAL 🟢
385505844977,0.0,NORMAL 🟢
359805148140,0.0,NORMAL 🟢
399617565139,0.0,NORMAL 🟢
607541152879,0.0,NORMAL 🟢
658094405110,0.0,NORMAL 🟢
718202607352,0.0,NORMAL 🟢
174240791194,0.0,NORMAL 🟢
751368560127,0.0,NORMAL 🟢
353811471539,0.0,NORMAL 🟢
174535449168,0.0,NORMAL 🟢
953463688265,0.0,NORMAL 🟢
698023400627,0.0,NORMAL 🟢
868029821746,0.0,NORMAL 🟢
182063175869,0.0,NORMAL 🟢
371256924692,0.0,NORMAL 🟢
420749271189,0.0,NORMAL 🟢
665087185952,0.0,NORMAL 🟢
405648372801,0.0,NORMAL 🟢
365461046654,0.0,NORMAL 🟢
462173579483,0.0,NORMAL 🟢
859989258775,0.0,NORMAL 🟢
329388687493,0.0,NORMAL 🟢
505470043542,0.0,NORMAL 🟢
642110941095,0.0,NORMAL 🟢
727441463890,0.0,NORMAL 🟢
811535789617,0.0,NORMAL 🟢
169013491238,0.0,NORMAL 🟢
770003395344,0.0,NORMAL 🟢
675490573051,0.0,NORMAL 🟢
201127432901,0.0,NORMAL 🟢
957972121876,0.0,NORMAL 🟢
745877173058,0.0,NORMAL 🟢
776260859052,0.0,NORMAL 🟢
799509930144,0.0,NORMAL 🟢
191149952173,0.0,NORMAL 🟢
629218373121,0.0,NORMAL 🟢
965340797953,0.0,NORMAL 🟢
343688971832,0.0,NORMAL 🟢
862873181041,0.0,NORMAL 🟢
478463933168,0.0,NORMAL 🟢
670962519371,0.0,NORMAL 🟢
485728972738,0.0,NORMAL 🟢
881255183256,0.0,NORMAL 🟢
797382933473,0.0,NORMAL 🟢
228944372866,0.0,NORMAL 🟢
382490308457,0.0,NORMAL 🟢
472905160080,0.0,NORMAL 🟢
530098754092,0.0,NORMAL 🟢
158529668947,0.0,NORMAL 🟢
280735491052,0.0,NORMAL 🟢
280445239239,0.0,NORMAL 🟢
540265683764,0.0,NORMAL 🟢
224425846576,0.0,NORMAL 🟢
755399760996,0.0,NORMAL 🟢
215275169242,0.0,NORMAL 🟢
291300525239,0.0,NORMAL 🟢
409837981907,0.0,NORMAL 🟢
897183091161,0.0,NORMAL 🟢
149720050413,0.0,NORMAL 🟢
666382667168,0.0,NORMAL 🟢
599661309567,0.0,NORMAL 🟢
314524937688,0.0,NORMAL 🟢
587974171828,0.0,NORMAL 🟢
613145247420,0.0,NORMAL 🟢
191508592333,0.0,NORMAL 🟢
847336652193,0.0,NORMAL 🟢
717360670269,0.0,NORMAL 🟢
771943530125,0.0,NORMAL 🟢
221948185727,0.0,NORMAL 🟢
151531101457,0.0,NORMAL 🟢
741673202151,0.0,NORMAL 🟢
866804413059,0.0,NORMAL 🟢
324728754460,0.0,NORMAL 🟢
152114261808,0.0,NORMAL 🟢
842553660997,0.0,NORMAL 🟢
996265678384,0.0,NORMAL 🟢
184588583083,0.0,NORMAL 🟢
170897279477,0.0,NORMAL 🟢
208979400235,0.0,NORMAL 🟢
969109411952,0.0,NORMAL 🟢
536077596292,0.0,NORMAL 🟢
866891327411,0.0,NORMAL 🟢
430174951897,0.0,NORMAL 🟢
489214755887,0.0,NORMAL 🟢
416963137699,0.0,NORMAL 🟢
183079092988,0.0,NORMAL 🟢
490641360284,0.0,NORMAL 🟢
867765341019,0.0,NORMAL 🟢
195935440351,0.0,NORMAL 🟢
456419356476,0.0,NORMAL 🟢
218959416697,0.0,NORMAL 🟢
762885390166,0.0,NORMAL 🟢
603035178622,0.0,NORMAL 🟢
269559426994,0.0,NORMAL 🟢
374381643143,0.0,NORMAL 🟢
152588669762,0.0,NORMAL 🟢
503737338837,0.0,NORMAL 🟢
516916878571,0.0,NORMAL 🟢
863712689918,0.0,NORMAL 🟢
191113835406,0.0,NORMAL 🟢
581991950444,0.0,NORMAL 🟢
321212853265,0.0,NORMAL 🟢
796989092832,0.0,NORMAL 🟢
574416004949,0.0,NORMAL 🟢
523518584570,0.0,NORMAL 🟢
326882632613,0.0,NORMAL 🟢
718018262025,0.0,NORMAL 🟢
948556824925,0.0,NORMAL 🟢
276541308912,0.0,NORMAL 🟢
972670662681,0.0,NORMAL 🟢
628498933508,0.0,NORMAL 🟢
736160483652,0.0,NORMAL 🟢
128916881501,0.0,NORMAL 🟢
390889021398,0.0,NORMAL 🟢
406888158204,0.0,NORMAL 🟢
472383372205,0.0,NORMAL 🟢
708301728439,0.0,NORMAL 🟢
935165842393,0.0,NORMAL 🟢
386569502908,0.0,NORMAL 🟢
456078080656,0.0,NORMAL 🟢
921170971328,0.0,NORMAL 🟢
537429636757,0.0,NORMAL 🟢
417868560218,0.0,NORMAL 🟢
115471027526,0.0,NORMAL 🟢
198231960841,0.0,NORMAL 🟢
241285247645,0.0,NORMAL 🟢
297692799192,0.0,NORMAL 🟢
560333721429,0.0,NORMAL 🟢
233768801264,0.0,NORMAL 🟢
621181888477,0.0,NORMAL 🟢
144782733128,0.0,NORMAL 🟢
578526091965,0.0,NORMAL 🟢
988680710120,0.0,NORMAL 🟢
955119841026,0.0,NORMAL 🟢
134283572241,0.0,NORMAL 🟢
603463904091,0.0,NORMAL 🟢
968978219646,0.0,NORMAL 🟢
518743889627,0.0,NORMAL 🟢
706621287461,0.0,NORMAL 🟢
995190210846,0.0,NORMAL 🟢
425768011138,0.0,NORMAL 🟢
674242756406,0.0,NORMAL 🟢
398897110002,0.0,NORMAL 🟢
134545918966,0.0,NORMAL 🟢
595092682961,0.0,NORMAL 🟢
139905624479,0.0,NORMAL 🟢
979605420082,0.0,NORMAL 🟢
570636373306,0.0,NORMAL 🟢
287976367500,0.0,NORMAL 🟢
788447790781,0.0,NORMAL 🟢
167297212652,0.0,NORMAL 🟢
537536626905,0.0,NORMAL 🟢
911803728296,0.0,NORMAL 🟢
340759487095,0.0,NORMAL 🟢
570261949500,0.0,NORMAL 🟢
165864084464,0.0,NORMAL 🟢
983670287895,0.0,NORMAL 🟢
523836268322,0.0,NORMAL 🟢
167175713585,0.0,NORMAL 🟢
816022220135,0.0,NORMAL 🟢
485819703638,0.0,NORMAL 🟢
793503487858,0.0,NORMAL 🟢
268448955539,0.0,NORMAL 🟢
119755260723,0.0,NORMAL 🟢
434295648018,0.0,NORMAL 🟢
464709882867,0.0,NORMAL 🟢
618857525521,0.0,NORMAL 🟢
177501132268,0.0,NORMAL 🟢
328006242053,0.0,NORMAL 🟢
650667757853,0.0,NORMAL 🟢
568478257603,0.0,NORMAL 🟢
786761569504,0.0,NORMAL 🟢
746870011386,0.0,NORMAL 🟢
908502624382,0.0,NORMAL 🟢
113396463185,0.0,NORMAL 🟢
265256803355,0.0,NORMAL 🟢
210975332802,0.0,NORMAL 🟢
120704007151,0.0,NORMAL 🟢
943256394383,0.0,NORMAL 🟢
854737934431,0.0,NORMAL 🟢
432415675764,0.0,NORMAL 🟢
939629135644,0.0,NORMAL 🟢
543131272302,0.0,NORMAL 🟢
205678814940,0.0,NORMAL 🟢
748778762612,0.0,NORMAL 🟢
646731472799,0.0,NORMAL 🟢
588072837165,0.0,NORMAL 🟢
690922445113,0.0,NORMAL 🟢
694202316994,0.0,NORMAL 🟢
561699449423,0.0,NORMAL 🟢
335467940707,0.0,NORMAL 🟢
793242725091,0.0,NORMAL 🟢
573693863995,0.0,NORMAL 🟢
189727488249,0.0,NORMAL 🟢
313002815372,0.0,NORMAL 🟢
792054678229,0.0,NORMAL 🟢
265006737227,0.0,NORMAL 🟢
978314399142,0.0,NORMAL 🟢
337715400342,0.0,NORMAL 🟢
468165336251,0.0,NORMAL 🟢
624418912162,0.0,NORMAL 🟢
425773061143,0.0,NORMAL 🟢
785511849552,0.0,NORMAL 🟢
398858514238,0.0,NORMAL 🟢
556762028614,0.0,NORMAL 🟢
522673040897,0.0,NORMAL 🟢
230216430556,0.0,NORMAL 🟢
771938926349,0.0,NORMAL 🟢
746715663274,0.0,NORMAL 🟢
952171412436,0.0,NORMAL 🟢
399151994299,0.0,NORMAL 🟢
609095220904,0.0,NORMAL 🟢
668269430630,0.0,NORMAL 🟢
611905654599,0.0,NORMAL 🟢
601434188060,0.0,NORMAL 🟢
875459766317,0.0,NORMAL 🟢
149767171692,0.0,NORMAL 🟢
618344552853,0.0,NORMAL 🟢
668101530960,0.0,NORMAL 🟢
885159968510,0.0,NORMAL 🟢
436418915285,0.0,NORMAL 🟢
928179937159,0.0,NORMAL 🟢
703457004633,0.0,NORMAL 🟢
594554691177,0.0,NORMAL 🟢
749367106803,0.0,NORMAL 🟢
866375340639,0.0,NORMAL 🟢
270446308507,0.0,NORMAL 🟢
437373413810,0.0,NORMAL 🟢
315570643404,0.0,NORMAL 🟢
796180911657,0.0,NORMAL 🟢
956553936712,0.0,NORMAL 🟢
339879042304,0.0,NORMAL 🟢
401789023397,0.0,NORMAL 🟢
883547353163,0.0,NORMAL 🟢
831876035609,0.0,NORMAL 🟢
333209001194,0.0,NORMAL 🟢
304464884875,0.0,NORMAL 🟢
732506647052,0.0,NORMAL 🟢
225525289686,0.0,NORMAL 🟢
199947360612,0.0,NORMAL 🟢
207779912171,0.0,NORMAL 🟢
459336012777,0.0,NORMAL 🟢
126526210280,0.0,NORMAL 🟢
887804462017,0.0,NORMAL 🟢
927599395988,0.0,NORMAL 🟢
959321903305,0.0,NORMAL 🟢
401700800063,0.0,NORMAL 🟢
580000787135,0.0,NORMAL 🟢
842468058753,0.0,NORMAL 🟢
901711921329,0.0,NORMAL 🟢
191396022930,0.0,NORMAL 🟢
351096514695,0.0,NORMAL 🟢
752613233825,0.0,NORMAL 🟢
864033273227,0.0,NORMAL 🟢
983898291342,0.0,NORMAL 🟢
239961731259,0.0,NORMAL 🟢
665967997631,0.0,NORMAL 🟢
545918735957,0.0,NORMAL 🟢
211874049597,0.0,NORMAL 🟢
902264877968,0.0,NORMAL 🟢
338694642725,0.0,NORMAL 🟢
759404646247,0.0,NORMAL 🟢
773088507503,0.0,NORMAL 🟢
789084781694,0.0,NORMAL 🟢
904505028556,0.0,NORMAL 🟢
659660287782,0.0,NORMAL 🟢
718783963555,0.0,NORMAL 🟢
870085760987,0.0,NORMAL 🟢
693173729695,0.0,NORMAL 🟢
109044438096,0.0,NORMAL 🟢
230943031106,0.0,NORMAL 🟢
748543750825,0.0,NORMAL 🟢
951528094479,0.0,NORMAL 🟢
393910509348,0.0,NORMAL 🟢
135702336155,0.0,NORMAL 🟢
787018642867,0.0,NORMAL 🟢
706326011275,0.0,NORMAL 🟢
356257738532,0.0,NORMAL 🟢
817387341902,0.0,NORMAL 🟢
868421700037,0.0,NORMAL 🟢
399977162340,0.0,NORMAL 🟢
483236950702,0.0,NORMAL 🟢
739425184662,0.0,NORMAL 🟢
606359914653,0.0,NORMAL 🟢
650103554190,0.0,NORMAL 🟢
296355169880,0.0,NORMAL 🟢
985119243676,0.0,NORMAL 🟢
826333450309,0.0,NORMAL 🟢
172180493762,0.0,NORMAL 🟢
443544842757,0.0,NORMAL 🟢
384559716545,0.0,NORMAL 🟢
893716599940,0.0,NORMAL 🟢
862206086062,0.0,NORMAL 🟢
985489516759,0.0,NORMAL 🟢
833736344929,0.0,NORMAL 🟢
260042464963,0.0,NORMAL 🟢
889384901285,0.0,NORMAL 🟢
476416347893,0.0,NORMAL 🟢
404833612773,0.0,NORMAL 🟢
163498109861,0.0,NORMAL 🟢
597018455200,0.0,NORMAL 🟢
574227336108,0.0,NORMAL 🟢
528455401417,0.0,NORMAL 🟢
998513426100,0.0,NORMAL 🟢
204285847191,0.0,NORMAL 🟢
806147809076,0.0,NORMAL 🟢
199773895536,0.0,NORMAL 🟢
365228865958,0.0,NORMAL 🟢
423672462662,0.0,NORMAL 🟢
522331551706,0.0,NORMAL 🟢
292151992565,0.0,NORMAL 🟢
477539915678,0.0,NORMAL 🟢
689568601354,0.0,NORMAL 🟢
527509181149,0.0,NORMAL 🟢
118329171843,0.0,NORMAL 🟢
983637994003,0.0,NORMAL 🟢
109416271951,0.0,NORMAL 🟢
370333441635,0.0,NORMAL 🟢
795621804569,0.0,NORMAL 🟢
665777513419,0.0,NORMAL 🟢
640227692603,0.0,NORMAL 🟢
354157645283,0.0,NORMAL 🟢
929769332421,0.0,NORMAL 🟢
415816052027,0.0,NORMAL 🟢
122206267367,0.0,NORMAL 🟢
401996363891,0.0,NORMAL 🟢
911931600029,0.0,NORMAL 🟢
706564295556,0.0,NORMAL 🟢
227568500612,0.0,NORMAL 🟢
116525862962,0.0,NORMAL 🟢
223524517694,0.0,NORMAL 🟢
295477891260,0.0,NORMAL 🟢
703657944053,0.0,NORMAL 🟢
338824591411,0.0,NORMAL 🟢
772009714501,0.0,NORMAL 🟢
228416363495,0.0,NORMAL 🟢
452682707789,0.0,NORMAL 🟢
404182176492,0.0,NORMAL 🟢
768767574122,0.0,NORMAL 🟢
188808668695,0.0,NORMAL 🟢
520196592150,0.0,NORMAL 🟢
197243938781,0.0,NORMAL 🟢
221237003395,0.0,NORMAL 🟢
113316259847,0.0,NORMAL 🟢
344481665653,0.0,NORMAL 🟢
293920269465,0.0,NORMAL 🟢
852789303441,0.0,NORMAL 🟢
430082023933,0.0,NORMAL 🟢
510297210803,0.0,NORMAL 🟢
495027578644,0.0,NORMAL 🟢
966942092315,0.0,NORMAL 🟢
570072971539,0.0,NORMAL 🟢
483310734364,0.0,NORMAL 🟢
533695876779,0.0,NORMAL 🟢
784337727345,0.0,NORMAL 🟢
347176125052,0.0,NORMAL 🟢
567015244644,0.0,NORMAL 🟢
610456869448,0.0,NORMAL 🟢
799989818889,0.0,NORMAL 🟢
969896217273,0.0,NORMAL 🟢
725133217319,0.0,NORMAL 🟢
688619740633,0.0,NORMAL 🟢
227112636940,0.0,NORMAL 🟢
450173295881,0.0,NORMAL 🟢
427854178198,0.0,NORMAL 🟢
927565681464,0.0,NORMAL 🟢
799403370881,0.0,NORMAL 🟢
865764018637,0.0,NORMAL 🟢
603480348474,0.0,NORMAL 🟢
873677861083,0.0,NORMAL 🟢
284214714261,0.0,NORMAL 🟢
516779093537,0.0,NORMAL 🟢
982596140195,0.0,NORMAL 🟢
386462291137,0.0,NORMAL 🟢
651721719529,0.0,NORMAL 🟢
496016644987,0.0,NORMAL 🟢
607410123437,0.0,NORMAL 🟢
683409156419,0.0,NORMAL 🟢
818929028324,0.0,NORMAL 🟢
984734457739,0.0,NORMAL 🟢
369049939583,0.0,NORMAL 🟢
289537230561,0.0,NORMAL 🟢
778822830778,0.0,NORMAL 🟢
127266028741,0.0,NORMAL 🟢
502466413001,0.0,NORMAL 🟢
822771403261,0.0,NORMAL 🟢
941813238959,0.0,NORMAL 🟢
347662381429,0.0,NORMAL 🟢
530008150552,0.0,NORMAL 🟢
202895717728,0.0,NORMAL 🟢
489321782106,0.0,NORMAL 🟢
943408942733,0.0,NORMAL 🟢
839031536241,0.0,NORMAL 🟢
364546676038,0.0,NORMAL 🟢
308526011486,0.0,NORMAL 🟢
441757003874,0.0,NORMAL 🟢
599572029281,0.0,NORMAL 🟢
799243509931,0.0,NORMAL 🟢
147522226773,0.0,NORMAL 🟢
871279509301,0.0,NORMAL 🟢
108206864486,0.0,NORMAL 🟢
266964462802,0.0,NORMAL 🟢
273088073365,0.0,NORMAL 🟢
421707886848,0.0,NORMAL 🟢
574504770452,0.0,NORMAL 🟢
732782640321,0.0,NORMAL 🟢
720736632332,0.0,NORMAL 🟢
740165676688,0.0,NORMAL 🟢
226152059143,0.0,NORMAL 🟢
391806770594,0.0,NORMAL 🟢
845975729730,0.0,NORMAL 🟢
291529657553,0.0,NORMAL 🟢
174168198706,0.0,NORMAL 🟢
452151729033,0.0,NORMAL 🟢
325035711431,0.0,NORMAL 🟢
736869128186,0.0,NORMAL 🟢
932521330868,0.0,NORMAL 🟢
431658141750,0.0,NORMAL 🟢
807919641266,0.0,NORMAL 🟢
126158378697,0.0,NORMAL 🟢
417268226464,0.0,NORMAL 🟢
473021833824,0.0,NORMAL 🟢
781762000677,0.0,NORMAL 🟢
444318842058,0.0,NORMAL 🟢
290380805256,0.0,NORMAL 🟢
400499920950,0.0,NORMAL 🟢
663394587839,0.0,NORMAL 🟢
311984376591,0.0,NORMAL 🟢
642556400847,0.0,NORMAL 🟢
248894387412,0.0,NORMAL 🟢
949014935946,0.0,NORMAL 🟢
681128593138,0.0,NORMAL 🟢
996010705878,0.0,NORMAL 🟢
855888607441,0.0,NORMAL 🟢
531361336993,0.0,NORMAL 🟢
244627361738,0.0,NORMAL 🟢
347870165996,0.0,NORMAL 🟢
373840056598,0.0,NORMAL 🟢
408658354163,0.0,NORMAL 🟢
952484905794,0.0,NORMAL 🟢
432915527593,0.0,NORMAL 🟢
315498720763,0.0,NORMAL 🟢
998871791653,0.0,NORMAL 🟢
944994363656,0.0,NORMAL 🟢
436788386251,0.0,NORMAL 🟢
547360434453,0.0,NORMAL 🟢
651469958861,0.0,NORMAL 🟢
363396186723,0.0,NORMAL 🟢
462100351882,0.0,NORMAL 🟢
644740098885,0.0,NORMAL 🟢
669647127901,0.0,NORMAL 🟢
548999365350,0.0,NORMAL 🟢
745528793572,0.0,NORMAL 🟢
152921827531,0.0,NORMAL 🟢
719873074004,0.0,NORMAL 🟢
355795387360,0.0,NORMAL 🟢
900303361691,0.0,NORMAL 🟢
827258618803,0.0,NORMAL 🟢
653077189098,0.0,NORMAL 🟢
311921029570,0.0,NORMAL 🟢
704036223524,0.0,NORMAL 🟢
586507437128,0.0,NORMAL 🟢
992891559959,0.0,NORMAL 🟢
367661894253,0.0,NORMAL 🟢
948518327696,0.0,NORMAL 🟢
307642442174,0.0,NORMAL 🟢
320343531397,0.0,NORMAL 🟢
601011476658,0.0,NORMAL 🟢
120329657511,0.0,NORMAL 🟢
676602093754,0.0,NORMAL 🟢
535820558838,0.0,NORMAL 🟢
994941341707,0.0,NORMAL 🟢
345385774324,0.0,NORMAL 🟢
706563050189,0.0,NORMAL 🟢
497571372211,0.0,NORMAL 🟢
272657724108,0.0,NORMAL 🟢
933986953267,0.0,NORMAL 🟢
233246323938,0.0,NORMAL 🟢
296103127403,0.0,NORMAL 🟢
288321083075,0.0,NORMAL 🟢
169095221254,0.0,NORMAL 🟢
120379602318,0.0,NORMAL 🟢
319639876635,0.0,NORMAL 🟢
902039409388,0.0,NORMAL 🟢
869859435856,0.0,NORMAL 🟢
512824925364,0.0,NORMAL 🟢
210626893639,0.0,NORMAL 🟢
415917292961,0.0,NORMAL 🟢
207648740328,0.0,NORMAL 🟢
350600236275,0.0,NORMAL 🟢
559915136759,0.0,NORMAL 🟢
598314575554,0.0,NORMAL 🟢
402576255571,0.0,NORMAL 🟢
378526292043,0.0,NORMAL 🟢
505413229172,0.0,NORMAL 🟢
556709866056,0.0,NORMAL 🟢
656850655814,0.0,NORMAL 🟢
143141192160,0.0,NORMAL 🟢
326903861632,0.0,NORMAL 🟢
643210708410,0.0,NORMAL 🟢
911768248059,0.0,NORMAL 🟢
419389452095,0.0,NORMAL 🟢
546194421751,0.0,NORMAL 🟢
884855076948,0.0,NORMAL 🟢
926308012137,0.0,NORMAL 🟢
147412662768,0.0,NORMAL 🟢
529386979439,0.0,NORMAL 🟢
895234313193,0.0,NORMAL 🟢
750397603202,0.0,NORMAL 🟢
375227390695,0.0,NORMAL 🟢
805540504627,0.0,NORMAL 🟢
886908558333,0.0,NORMAL 🟢
782658590423,0.0,NORMAL 🟢
280790611785,0.0,NORMAL 🟢
641272422877,0.0,NORMAL 🟢
471554020516,0.0,NORMAL 🟢
347699558291,0.0,NORMAL 🟢
817484281482,0.0,NORMAL 🟢
137421958650,0.0,NORMAL 🟢
823598968093,0.0,NORMAL 🟢
944984038310,0.0,NORMAL 🟢
121359205326,0.0,NORMAL 🟢
848883780620,0.0,NORMAL 🟢
439415155469,0.0,NORMAL 🟢
891350956186,0.0,NORMAL 🟢
606630830318,0.0,NORMAL 🟢
526634219773,0.0,NORMAL 🟢
473580335389,0.0,NORMAL 🟢
188931882784,0.0,NORMAL 🟢
433617785685,0.0,NORMAL 🟢
948564905942,0.0,NORMAL 🟢
589971177497,0.0,NORMAL 🟢
514111732041,0.0,NORMAL 🟢
529152999386,0.0,NORMAL 🟢
184041402654,0.0,NORMAL 🟢
246416669296,0.0,NORMAL 🟢
397361195304,0.0,NORMAL 🟢
931044071413,0.0,NORMAL 🟢
842161000132,0.0,NORMAL 🟢
783129638242,0.0,NORMAL 🟢
328300969082,0.0,NORMAL 🟢
233243830290,0.0,NORMAL 🟢
444374788402,0.0,NORMAL 🟢
594138363895,0.0,NORMAL 🟢
133630195813,0.0,NORMAL 🟢
766067964153,0.0,NORMAL 🟢
814586914018,0.0,NORMAL 🟢
831639997459,0.0,NORMAL 🟢
234128723234,0.0,NORMAL 🟢
617139784098,0.0,NORMAL 🟢
877670986002,0.0,NORMAL 🟢
509862092211,0.0,NORMAL 🟢
993974129773,0.0,NORMAL 🟢
512945158824,0.0,NORMAL 🟢
838658922367,0.0,NORMAL 🟢
204513293896,0.0,NORMAL 🟢
343627718377,0.0,NORMAL 🟢
658500203306,0.0,NORMAL 🟢
655694498735,0.0,NORMAL 🟢
198357358136,0.0,NORMAL 🟢
916072120072,0.0,NORMAL 🟢
934450557541,0.0,NORMAL 🟢
921150022562,0.0,NORMAL 🟢
881854743905,0.0,NORMAL 🟢
433110353746,0.0,NORMAL 🟢
158040156816,0.0,NORMAL 🟢
540600701181,0.0,NORMAL 🟢
788113626847,0.0,NORMAL 🟢
374508490690,0.0,NORMAL 🟢
252721504150,0.0,NORMAL 🟢
340665573791,0.0,NORMAL 🟢
993937479955,0.0,NORMAL 🟢
798817060116,0.0,NORMAL 🟢
749672661550,0.0,NORMAL 🟢
958475308354,0.0,NORMAL 🟢
333323299720,0.0,NORMAL 🟢
878534842712,0.0,NORMAL 🟢
560987680427,0.0,NORMAL 🟢
205020515390,0.0,NORMAL 🟢
618981856120,0.0,NORMAL 🟢
645005857049,0.0,NORMAL 🟢
848527605392,0.0,NORMAL 🟢
195804767065,0.0,NORMAL 🟢
522667536121,0.0,NORMAL 🟢
956074237490,0.0,NORMAL 🟢
321189234326,0.0,NORMAL 🟢
755171681225,0.0,NORMAL 🟢
746899125416,0.0,NORMAL 🟢
734340393066,0.0,NORMAL 🟢
511634832207,0.0,NORMAL 🟢
339827320607,0.0,NORMAL 🟢
673633980977,0.0,NORMAL 🟢
728617980194,0.0,NORMAL 🟢
862214533655,0.0,NORMAL 🟢
392007930789,0.0,NORMAL 🟢
237903051859,0.0,NORMAL 🟢
115604877899,0.0,NORMAL 🟢
165282235954,0.0,NORMAL 🟢
634794175684,0.0,NORMAL 🟢
865627907026,0.0,NORMAL 🟢
618922299660,0.0,NORMAL 🟢
829469623562,0.0,NORMAL 🟢
712856563492,0.0,NORMAL 🟢
828638481414,0.0,NORMAL 🟢
911582267751,0.0,NORMAL 🟢
892658638799,0.0,NORMAL 🟢
829898901185,0.0,NORMAL 🟢
475364979606,0.0,NORMAL 🟢
854780277404,0.0,NORMAL 🟢
895319812995,0.0,NORMAL 🟢
824517368705,0.0,NORMAL 🟢
882267243826,0.0,NORMAL 🟢
441396167621,0.0,NORMAL 🟢
694502882482,0.0,NORMAL 🟢
368573659202,0.0,NORMAL 🟢
615344328766,0.0,NORMAL 🟢
665135548040,0.0,NORMAL 🟢
642145618848,0.0,NORMAL 🟢
799827032528,0.0,NORMAL 🟢
319679099649,0.0,NORMAL 🟢
540899583919,0.0,NORMAL 🟢
973353387094,0.0,NORMAL 🟢
323831412871,0.0,NORMAL 🟢
432079143658,0.0,NORMAL 🟢
381590190980,0.0,NORMAL 🟢
278717537030,0.0,NORMAL 🟢
927693492047,0.0,NORMAL 🟢
104243119146,0.0,NORMAL 🟢
783634903996,0.0,NORMAL 🟢
679555969202,0.0,NORMAL 🟢
350004120532,0.0,NORMAL 🟢
706488696854,0.0,NORMAL 🟢
493769174056,0.0,NORMAL 🟢
332143059259,0.0,NORMAL 🟢
172886687322,0.0,NORMAL 🟢
658457939480,0.0,NORMAL 🟢
264999416475,0.0,NORMAL 🟢
330599977934,0.0,NORMAL 🟢
492408052232,0.0,NORMAL 🟢
172518206402,0.0,NORMAL 🟢
774280359748,0.0,NORMAL 🟢
555704723361,0.0,NORMAL 🟢
163647092054,0.0,NORMAL 🟢
523777380332,0.0,NORMAL 🟢
800276204306,0.0,NORMAL 🟢
796147129631,0.0,NORMAL 🟢
275263297202,0.0,NORMAL 🟢
872274832432,0.0,NORMAL 🟢
771011360000,0.0,NORMAL 🟢
541967286521,0.0,NORMAL 🟢
571612576355,0.0,NORMAL 🟢
529356275373,0.0,NORMAL 🟢
885658497706,0.0,NORMAL 🟢
374938235607,0.0,NORMAL 🟢
426518783224,0.0,NORMAL 🟢
429281363490,0.0,NORMAL 🟢
189023151340,0.0,NORMAL 🟢
555606878262,0.0,NORMAL 🟢
383954215532,0.0,NORMAL 🟢
291409005762,0.0,NORMAL 🟢
889311467093,0.0,NORMAL 🟢
588984912352,0.0,NORMAL 🟢
581181925927,0.0,NORMAL 🟢
369429813044,0.0,NORMAL 🟢
323204364017,0.0,NORMAL 🟢
212673423819,0.0,NORMAL 🟢
375529897866,0.0,NORMAL 🟢
103355980266,0.0,NORMAL 🟢
946074329134,0.0,NORMAL 🟢
311158696543,0.0,NORMAL 🟢
709130225418,0.0,NORMAL 🟢
139174142084,0.0,NORMAL 🟢
756608717553,0.0,NORMAL 🟢
710514350681,0.0,NORMAL 🟢
353777385742,0.0,NORMAL 🟢
937405510286,0.0,NORMAL 🟢
645871423470,0.0,NORMAL 🟢
565272735162,0.0,NORMAL 🟢
289380714050,0.0,NORMAL 🟢
680198898452,0.0,NORMAL 🟢
874840062284,0.0,NORMAL 🟢
735357343437,0.0,NORMAL 🟢
533531388625,0.0,NORMAL 🟢
453104416124,0.0,NORMAL 🟢
945675363016,0.0,NORMAL 🟢
699412754245,0.0,NORMAL 🟢
804053382349,0.0,NORMAL 🟢
266129124057,0.0,NORMAL 🟢
151577195532,0.0,NORMAL 🟢
955977096619,0.0,NORMAL 🟢
737232476433,0.0,NORMAL 🟢
776828127016,0.0,NORMAL 🟢
378797244288,0.0,NORMAL 🟢
328356003953,0.0,NORMAL 🟢
793179426920,0.0,NORMAL 🟢
747662299586,0.0,NORMAL 🟢
671710528115,0.0,NORMAL 🟢
605401874417,0.0,NORMAL 🟢
367273835321,0.0,NORMAL 🟢
445164033162,0.0,NORMAL 🟢
105979456288,0.0,NORMAL 🟢
227950452543,0.0,NORMAL 🟢
547817418669,0.0,NORMAL 🟢
649689688858,0.0,NORMAL 🟢
396636906600,0.0,NORMAL 🟢
132435573215,0.0,NORMAL 🟢
457305698923,0.0,NORMAL 🟢
287544734835,0.0,NORMAL 🟢
943913174569,0.0,NORMAL 🟢
100661054747,0.0,NORMAL 🟢
953171028045,0.0,NORMAL 🟢
487185479106,0.0,NORMAL 🟢
433104664247,0.0,NORMAL 🟢
138717205615,0.0,NORMAL 🟢
392880254663,0.0,NORMAL 🟢
489319089804,0.0,NORMAL 🟢
762655582791,0.0,NORMAL 🟢
788310758144,0.0,NORMAL 🟢
267354965578,0.0,NORMAL 🟢
946714495578,0.0,NORMAL 🟢
321444546129,0.0,NORMAL 🟢
318654561102,0.0,NORMAL 🟢
767933721043,0.0,NORMAL 🟢
777495533397,0.0,NORMAL 🟢
641307402809,0.0,NORMAL 🟢
552543464812,0.0,NORMAL 🟢
402922378844,0.0,NORMAL 🟢
340207928837,0.0,NORMAL 🟢
907265185896,0.0,NORMAL 🟢
107492329088,0.0,NORMAL 🟢
589711248668,0.0,NORMAL 🟢
290489065249,0.0,NORMAL 🟢
591506235800,0.0,NORMAL 🟢
378987416834,0.0,NORMAL 🟢
285076431197,0.0,NORMAL 🟢
698531440402,0.0,NORMAL 🟢
896687437572,0.0,NORMAL 🟢
214587002513,0.0,NORMAL 🟢
946518931848,0.0,NORMAL 🟢
445408072320,0.0,NORMAL 🟢
917261059422,0.0,NORMAL 🟢
351183037808,0.0,NORMAL 🟢
529756804128,0.0,NORMAL 🟢
983248443673,0.0,NORMAL 🟢
821657664195,0.0,NORMAL 🟢
276326032560,0.0,NORMAL 🟢
310020039133,0.0,NORMAL 🟢
498364302606,0.0,NORMAL 🟢
432654952037,0.0,NORMAL 🟢
513664033571,0.0,NORMAL 🟢
390618925932,0.0,NORMAL 🟢
930076940394,0.0,NORMAL 🟢
788858194254,0.0,NORMAL 🟢
912377808249,0.0,NORMAL 🟢
462580532149,0.0,NORMAL 🟢
844536507443,0.0,NORMAL 🟢
859852073689,0.0,NORMAL 🟢
103277611309,0.0,NORMAL 🟢
257015885727,0.0,NORMAL 🟢
646393807134,0.0,NORMAL 🟢
726924673293,0.0,NORMAL 🟢
386482699554,0.0,NORMAL 🟢
662283480295,0.0,NORMAL 🟢
592871271012,0.0,NORMAL 🟢
619951193423,0.0,NORMAL 🟢
815636435139,0.0,NORMAL 🟢
435590836249,0.0,NORMAL 🟢
684795022898,0.0,NORMAL 🟢
984011095630,0.0,NORMAL 🟢
369563679095,0.0,NORMAL 🟢
199384884332,0.0,NORMAL 🟢
338252589484,0.0,NORMAL 🟢
127638050431,0.0,NORMAL 🟢
360570343692,0.0,NORMAL 🟢
486427898094,0.0,NORMAL 🟢
940621267246,0.0,NORMAL 🟢
434141502579,0.0,NORMAL 🟢
162967165696,0.0,NORMAL 🟢
468838487497,0.0,NORMAL 🟢
122080275110,0.0,NORMAL 🟢
412438962209,0.0,NORMAL 🟢
409799564861,0.0,NORMAL 🟢
274725834115,0.0,NORMAL 🟢
209671230040,0.0,NORMAL 🟢
349153085674,0.0,NORMAL 🟢
654292763110,0.0,NORMAL 🟢
832942414038,0.0,NORMAL 🟢
377166389717,0.0,NORMAL 🟢
883605518869,0.0,NORMAL 🟢
718034763259,0.0,NORMAL 🟢
416498329770,0.0,NORMAL 🟢
838592215230,0.0,NORMAL 🟢
924136642334,0.0,NORMAL 🟢
594734012291,0.0,NORMAL 🟢
407428495055,0.0,NORMAL 🟢
463654040310,0.0,NORMAL 🟢
373457184043,0.0,NORMAL 🟢
244839758451,0.0,NORMAL 🟢
841680698529,0.0,NORMAL 🟢
813786931739,0.0,NORMAL 🟢
740015666827,0.0,NORMAL 🟢
813559464141,0.0,NORMAL 🟢
285238124414,0.0,NORMAL 🟢
123747721746,0.0,NORMAL 🟢
275591307738,0.0,NORMAL 🟢
968876549383,0.0,NORMAL 🟢
866701927719,0.0,NORMAL 🟢
979739100272,0.0,NORMAL 🟢
313568088590,0.0,NORMAL 🟢
442810676821,0.0,NORMAL 🟢
734962131369,0.0,NORMAL 🟢
117929386001,0.0,NORMAL 🟢
121160163512,0.0,NORMAL 🟢
382985625295,0.0,NORMAL 🟢
878659116252,0.0,NORMAL 🟢
413613169803,0.0,NORMAL 🟢
312726655566,0.0,NORMAL 🟢
859760349590,0.0,NORMAL 🟢
911145853180,0.0,NORMAL 🟢
445201921025,0.0,NORMAL 🟢
406476413360,0.0,NORMAL 🟢
501390433000,0.0,NORMAL 🟢
517030068292,0.0,NORMAL 🟢
775320054109,0.0,NORMAL 🟢
120147558942,0.0,NORMAL 🟢
782893056613,0.0,NORMAL 🟢
611261728196,0.0,NORMAL 🟢
337999560506,0.0,NORMAL 🟢
287436029818,0.0,NORMAL 🟢
511394415020,0.0,NORMAL 🟢
506814254429,0.0,NORMAL 🟢
252574291432,0.0,NORMAL 🟢
214938988704,0.0,NORMAL 🟢
123554150959,0.0,NORMAL 🟢
711607560085,0.0,NORMAL 🟢
186385583589,0.0,NORMAL 🟢
948127209838,0.0,NORMAL 🟢
649166780222,0.0,NORMAL 🟢
564436563832,0.0,NORMAL 🟢
406447148004,0.0,NORMAL 🟢
625334933785,0.0,NORMAL 🟢
489423224046,0.0,NORMAL 🟢
227701778448,0.0,NORMAL 🟢
970375526144,0.0,NORMAL 🟢
557128670892,0.0,NORMAL 🟢
977888169679,0.0,NORMAL 🟢
593011148146,0.0,NORMAL 🟢
312641197168,0.0,NORMAL 🟢
325083102795,0.0,NORMAL 🟢
799601013666,0.0,NORMAL 🟢
972693681393,0.0,NORMAL 🟢
410518049270,0.0,NORMAL 🟢
735288055962,0.0,NORMAL 🟢
207452706266,0.0,NORMAL 🟢
202500752729,0.0,NORMAL 🟢
898886291074,0.0,NORMAL 🟢
950011779794,0.0,NORMAL 🟢
130173819415,0.0,NORMAL 🟢
118125577238,0.0,NORMAL 🟢
532172963056,0.0,NORMAL 🟢
237966470255,0.0,NORMAL 🟢
647060672108,0.0,NORMAL 🟢
252787939444,0.0,NORMAL 🟢
838322289482,0.0,NORMAL 🟢
290769461463,0.0,NORMAL 🟢
392258012111,0.0,NORMAL 🟢
587645711972,0.0,NORMAL 🟢
910248513306,0.0,NORMAL 🟢
394098344361,0.0,NORMAL 🟢
699898499216,0.0,NORMAL 🟢
357576641425,0.0,NORMAL 🟢
975298868136,0.0,NORMAL 🟢
260368179542,0.0,NORMAL 🟢
936119751312,0.0,NORMAL 🟢
777158412077,0.0,NORMAL 🟢
865378819604,0.0,NORMAL 🟢
770897630091,0.0,NORMAL 🟢
243808549647,0.0,NORMAL 🟢
265062282057,0.0,NORMAL 🟢
952426266673,0.0,NORMAL 🟢
471438675312,0.0,NORMAL 🟢
851631864939,0.0,NORMAL 🟢
147687087019,0.0,NORMAL 🟢
840776137381,0.0,NORMAL 🟢
436615861448,0.0,NORMAL 🟢
615848292803,0.0,NORMAL 🟢
517904777662,0.0,NORMAL 🟢
225467799386,0.0,NORMAL 🟢
153811891993,0.0,NORMAL 🟢
313508400407,0.0,NORMAL 🟢
887839878833,0.0,NORMAL 🟢
906030231975,0.0,NORMAL 🟢
272072537190,0.0,NORMAL 🟢
584482880763,0.0,NORMAL 🟢
170911898391,0.0,NORMAL 🟢
823674566231,0.0,NORMAL 🟢
437883237669,0.0,NORMAL 🟢
266708117556,0.0,NORMAL 🟢
793812345617,0.0,NORMAL 🟢
855280811215,0.0,NORMAL 🟢
618594798440,0.0,NORMAL 🟢
575321995605,0.0,NORMAL 🟢
714493020095,0.0,NORMAL 🟢
633477004289,0.0,NORMAL 🟢
947110948619,0.0,NORMAL 🟢
731064402142,0.0,NORMAL 🟢
958631799944,0.0,NORMAL 🟢
670956694678,0.0,NORMAL 🟢
297930087422,0.0,NORMAL 🟢
215346333299,0.0,NORMAL 🟢
449922877683,0.0,NORMAL 🟢
558332882856,0.0,NORMAL 🟢
604015176571,0.0,NORMAL 🟢
893677448666,0.0,NORMAL 🟢
992764497197,0.0,NORMAL 🟢
934330899716,0.0,NORMAL 🟢
582770343611,0.0,NORMAL 🟢
373315245849,0.0,NORMAL 🟢
266712475197,0.0,NORMAL 🟢
753508845657,0.0,NORMAL 🟢
422455254137,0.0,NORMAL 🟢
970701690091,0.0,NORMAL 🟢
411914456600,0.0,NORMAL 🟢
511676117009,0.0,NORMAL 🟢
204797646299,0.0,NORMAL 🟢
264250274441,0.0,NORMAL 🟢
772991995120,0.0,NORMAL 🟢
577528300416,0.0,NORMAL 🟢
267009872503,0.0,NORMAL 🟢
231463812810,0.0,NORMAL 🟢
708166993894,0.0,NORMAL 🟢
831338987964,0.0,NORMAL 🟢
128647898301,0.0,NORMAL 🟢
150731184006,0.0,NORMAL 🟢
829242054075,0.0,NORMAL 🟢
121585654726,0.0,NORMAL 🟢
689577637509,0.0,NORMAL 🟢
621295221330,0.0,NORMAL 🟢
900660373042,0.0,NORMAL 🟢
283627619516,0.0,NORMAL 🟢
844209312465,0.0,NORMAL 🟢
547813373738,0.0,NORMAL 🟢
845767463451,0.0,NORMAL 🟢
167476421843,0.0,NORMAL 🟢
241461434287,0.0,NORMAL 🟢
931349005856,0.0,NORMAL 🟢
140698315507,0.0,NORMAL 🟢
687317821784,0.0,NORMAL 🟢
727832674797,0.0,NORMAL 🟢
713153430490,0.0,NORMAL 🟢
466284295517,0.0,NORMAL 🟢
451291169544,0.0,NORMAL 🟢
792910527814,0.0,NORMAL 🟢
623868111180,0.0,NORMAL 🟢
627258761904,0.0,NORMAL 🟢
474821572173,0.0,NORMAL 🟢
717110259045,0.0,NORMAL 🟢
782559613045,0.0,NORMAL 🟢
288846700432,0.0,NORMAL 🟢
567560128073,0.0,NORMAL 🟢
236003186554,0.0,NORMAL 🟢
928362370814,0.0,NORMAL 🟢
979091863891,0.0,NORMAL 🟢
217139614651,0.0,NORMAL 🟢
892723267991,0.0,NORMAL 🟢
511316288389,0.0,NORMAL 🟢
842925159414,0.0,NORMAL 🟢
932542770850,0.0,NORMAL 🟢
812364260414,0.0,NORMAL 🟢
358634906250,0.0,NORMAL 🟢
621873728917,0.0,NORMAL 🟢
631182705019,0.0,NORMAL 🟢
256278847261,0.0,NORMAL 🟢
917908841002,0.0,NORMAL 🟢
446178028913,0.0,NORMAL 🟢
981779326680,0.0,NORMAL 🟢
717838591037,0.0,NORMAL 🟢
786135458215,0.0,NORMAL 🟢
680191373250,0.0,NORMAL 🟢
719037163785,0.0,NORMAL 🟢
509532746469,0.0,NORMAL 🟢
140107376328,0.0,NORMAL 🟢
355483505674,0.0,NORMAL 🟢
213595710413,0.0,NORMAL 🟢
948543594324,0.0,NORMAL 🟢
456916601175,0.0,NORMAL 🟢
649612677101,0.0,NORMAL 🟢
389009312260,0.0,NORMAL 🟢
180569117860,0.0,NORMAL 🟢
522924503599,0.0,NORMAL 🟢
578092234629,0.0,NORMAL 🟢
629259080262,0.0,NORMAL 🟢
185096527376,0.0,NORMAL 🟢
435179686845,0.0,NORMAL 🟢
919989270430,0.0,NORMAL 🟢
964382746018,0.0,NORMAL 🟢
615579728637,0.0,NORMAL 🟢
803166692949,0.0,NORMAL 🟢
584141173940,0.0,NORMAL 🟢
244301660727,0.0,NORMAL 🟢
296431409616,0.0,NORMAL 🟢
160876022678,0.0,NORMAL 🟢
847051114716,0.0,NORMAL 🟢
449120241491,0.0,NORMAL 🟢
671713281059,0.0,NORMAL 🟢
921723248011,0.0,NORMAL 🟢
974589467528,0.0,NORMAL 🟢
558998349693,0.0,NORMAL 🟢
449686510318,0.0,NORMAL 🟢
621018528816,0.0,NORMAL 🟢
678714100736,0.0,NORMAL 🟢
288529010113,0.0,NORMAL 🟢
146891518734,0.0,NORMAL 🟢
172682159730,0.0,NORMAL 🟢
830406520884,0.0,NORMAL 🟢
694610047731,0.0,NORMAL 🟢
537256820857,0.0,NORMAL 🟢
648796510597,0.0,NORMAL 🟢
112444579458,0.0,NORMAL 🟢
265912569774,0.0,NORMAL 🟢
295208150262,0.0,NORMAL 🟢
840461319979,0.0,NORMAL 🟢
759722248631,0.0,NORMAL 🟢
127551361924,0.0,NORMAL 🟢
405955547640,0.0,NORMAL 🟢
445836128169,0.0,NORMAL 🟢
508667016275,0.0,NORMAL 🟢
690481355299,0.0,NORMAL 🟢
385772210578,0.0,NORMAL 🟢
409680126128,0.0,NORMAL 🟢
872216159369,0.0,NORMAL 🟢
419804526769,0.0,NORMAL 🟢
390952149346,0.0,NORMAL 🟢
729165838217,0.0,NORMAL 🟢
293846067716,0.0,NORMAL 🟢
456841402693,0.0,NORMAL 🟢
583264185648,0.0,NORMAL 🟢
784955706647,0.0,NORMAL 🟢
459662646061,0.0,NORMAL 🟢
744314788872,0.0,NORMAL 🟢
245653986179,0.0,NORMAL 🟢
525892219896,0.0,NORMAL 🟢
660883343483,0.0,NORMAL 🟢
122857173015,0.0,NORMAL 🟢
422357903836,0.0,NORMAL 🟢
586905024930,0.0,NORMAL 🟢
302576410037,0.0,NORMAL 🟢
377121675335,0.0,NORMAL 🟢
376648241926,0.0,NORMAL 🟢
906187320628,0.0,NORMAL 🟢
280870296476,0.0,NORMAL 🟢
599814000027,0.0,NORMAL 🟢
486419016581,0.0,NORMAL 🟢
353874092754,0.0,NORMAL 🟢
787287975744,0.0,NORMAL 🟢
295388440182,0.0,NORMAL 🟢
661977456789,0.0,NORMAL 🟢
302353120329,0.0,NORMAL 🟢
463779746518,0.0,NORMAL 🟢
284609985212,0.0,NORMAL 🟢
292752110957,0.0,NORMAL 🟢
785269508470,0.0,NORMAL 🟢
770435454085,0.0,NORMAL 🟢
824794671481,0.0,NORMAL 🟢
120731627010,0.0,NORMAL 🟢
826353328753,0.0,NORMAL 🟢
210105163501,0.0,NORMAL 🟢
934562698155,0.0,NORMAL 🟢
897054275112,0.0,NORMAL 🟢
644546898362,0.0,NORMAL 🟢
476148629167,0.0,NORMAL 🟢
627684290364,0.0,NORMAL 🟢
675559470021,0.0,NORMAL 🟢
610570206381,0.0,NORMAL 🟢
340366964684,0.0,NORMAL 🟢
777675172418,0.0,NORMAL 🟢
532354212962,0.0,NORMAL 🟢
747653530964,0.0,NORMAL 🟢
394202106577,0.0,NORMAL 🟢
702877287478,0.0,NORMAL 🟢
314172760708,0.0,NORMAL 🟢
590772439433,0.0,NORMAL 🟢
998909449107,0.0,NORMAL 🟢
411540311813,0.0,NORMAL 🟢
725897380456,0.0,NORMAL 🟢
452882923241,0.0,NORMAL 🟢
152740882108,0.0,NORMAL 🟢
801255214305,0.0,NORMAL 🟢
490338313132,0.0,NORMAL 🟢
289828116208,0.0,NORMAL 🟢
768552929199,0.0,NORMAL 🟢
623932392301,0.0,NORMAL 🟢
357105389588,0.0,NORMAL 🟢
142397184770,0.0,NORMAL 🟢
401316722878,0.0,NORMAL 🟢
231833845863,0.0,NORMAL 🟢
460679862277,0.0,NORMAL 🟢
564398495401,0.0,NORMAL 🟢
735506933519,0.0,NORMAL 🟢
354976399858,0.0,NORMAL 🟢
499990769641,0.0,NORMAL 🟢
355923515322,0.0,NORMAL 🟢
941175021067,0.0,NORMAL 🟢
590208635159,0.0,NORMAL 🟢
650160680111,0.0,NORMAL 🟢
538649088311,0.0,NORMAL 🟢
733083492115,0.0,NORMAL 🟢
652651496131,0.0,NORMAL 🟢
833769278113,0.0,NORMAL 🟢
957883004557,0.0,NORMAL 🟢
143634347058,0.0,NORMAL 🟢
924797033396,0.0,NORMAL 🟢
441677752637,0.0,NORMAL 🟢
279920010757,0.0,NORMAL 🟢
434257500105,0.0,NORMAL 🟢
478225335949,0.0,NORMAL 🟢
644444455950,0.0,NORMAL 🟢
545705767496,0.0,NORMAL 🟢
960182545930,0.0,NORMAL 🟢
359078910336,0.0,NORMAL 🟢
845756240784,0.0,NORMAL 🟢
898762459340,0.0,NORMAL 🟢
994541332567,0.0,NORMAL 🟢
363478435681,0.0,NORMAL 🟢
958951626757,0.0,NORMAL 🟢
492975228358,0.0,NORMAL 🟢
654266928091,0.0,NORMAL 🟢
569460252797,0.0,NORMAL 🟢
698344553292,0.0,NORMAL 🟢
759279235930,0.0,NORMAL 🟢
633383359178,0.0,NORMAL 🟢
289695640285,0.0,NORMAL 🟢
170392470391,0.0,NORMAL 🟢
472079767734,0.0,NORMAL 🟢
240907668380,0.0,NORMAL 🟢
754858315906,0.0,NORMAL 🟢
451720879161,0.0,NORMAL 🟢
300054647515,0.0,NORMAL 🟢
878953522989,0.0,NORMAL 🟢
454489268010,0.0,NORMAL 🟢
617994399708,0.0,NORMAL 🟢
910835467791,0.0,NORMAL 🟢
875463907577,0.0,NORMAL 🟢
891881675168,0.0,NORMAL 🟢
654063253089,0.0,NORMAL 🟢
548506368212,0.0,NORMAL 🟢
158659132975,0.0,NORMAL 🟢
167023278608,0.0,NORMAL 🟢
736544900823,0.0,NORMAL 🟢
844425868790,0.0,NORMAL 🟢
560584907218,0.0,NORMAL 🟢
675485588515,0.0,NORMAL 🟢
719991503093,0.0,NORMAL 🟢
431533055660,0.0,NORMAL 🟢
589499267776,0.0,NORMAL 🟢
723135991121,0.0,NORMAL 🟢
156863717815,0.0,NORMAL 🟢
405304620051,0.0,NORMAL 🟢
864579555793,0.0,NORMAL 🟢
832777308608,0.0,NORMAL 🟢
767060292351,0.0,NORMAL 🟢
101270336362,0.0,NORMAL 🟢
797019548632,0.0,NORMAL 🟢
421317710780,0.0,NORMAL 🟢
690599246364,0.0,NORMAL 🟢
824124114262,0.0,NORMAL 🟢
205070247571,0.0,NORMAL 🟢
496080018052,0.0,NORMAL 🟢
602681833318,0.0,NORMAL 🟢
390798724106,0.0,NORMAL 🟢
755240125083,0.0,NORMAL 🟢
415094777958,0.0,NORMAL 🟢
174920844033,0.0,NORMAL 🟢
878795350081,0.0,NORMAL 🟢
945329415944,0.0,NORMAL 🟢
954230782437,0.0,NORMAL 🟢
123116906733,0.0,NORMAL 🟢
589646459708,0.0,NORMAL 🟢
943908951325,0.0,NORMAL 🟢
725387982034,0.0,NORMAL 🟢
371588420630,0.0,NORMAL 🟢
105500500101,0.0,NORMAL 🟢
201474886847,0.0,NORMAL 🟢
330956931708,0.0,NORMAL 🟢
141402176804,0.0,NORMAL 🟢
450648267404,0.0,NORMAL 🟢
237493407736,0.0,NORMAL 🟢
528470293947,0.0,NORMAL 🟢
254723619419,0.0,NORMAL 🟢
780525901712,0.0,NORMAL 🟢
322213611172,0.0,NORMAL 🟢
304954204387,0.0,NORMAL 🟢
152279709810,0.0,NORMAL 🟢
226568907219,0.0,NORMAL 🟢
469987800635,0.0,NORMAL 🟢
532749498332,0.0,NORMAL 🟢
230472393487,0.0,NORMAL 🟢
941704446205,0.0,NORMAL 🟢
380366895135,0.0,NORMAL 🟢
485920344110,0.0,NORMAL 🟢
910881509317,0.0,NORMAL 🟢
248843711110,0.0,NORMAL 🟢
428702202737,0.0,NORMAL 🟢
787100741795,0.0,NORMAL 🟢
633311334286,0.0,NORMAL 🟢
368768487409,0.0,NORMAL 🟢
699327205471,0.0,NORMAL 🟢
810925789165,0.0,NORMAL 🟢
671901563620,0.0,NORMAL 🟢
167886632385,0.0,NORMAL 🟢
268828757143,0.0,NORMAL 🟢
545225918578,0.0,NORMAL 🟢
336422677159,0.0,NORMAL 🟢
865621950588,0.0,NORMAL 🟢
633885621086,0.0,NORMAL 🟢
201145375360,0.0,NORMAL 🟢
624886069082,0.0,NORMAL 🟢
246961388779,0.0,NORMAL 🟢
101728454867,0.0,NORMAL 🟢
444296956657,0.0,NORMAL 🟢
952887286511,0.0,NORMAL 🟢
970026928406,0.0,NORMAL 🟢
554828759161,0.0,NORMAL 🟢
664981336917,0.0,NORMAL 🟢
154830553947,0.0,NORMAL 🟢
771970746371,0.0,NORMAL 🟢
784949643965,0.0,NORMAL 🟢
739309176998,0.0,NORMAL 🟢
378370448005,0.0,NORMAL 🟢
680863374669,0.0,NORMAL 🟢
714099109154,0.0,NORMAL 🟢
227030981382,0.0,NORMAL 🟢
884561423529,0.0,NORMAL 🟢
201019740427,0.0,NORMAL 🟢
246360807441,0.0,NORMAL 🟢
230686872070,0.0,NORMAL 🟢
734661203849,0.0,NORMAL 🟢
575360575277,0.0,NORMAL 🟢
796018190743,0.0,NORMAL 🟢
269522320052,0.0,NORMAL 🟢
390289171271,0.0,NORMAL 🟢
997615082373,0.0,NORMAL 🟢
785856505223,0.0,NORMAL 🟢
992271342967,0.0,NORMAL 🟢
203782889600,0.0,NORMAL 🟢
175597567179,0.0,NORMAL 🟢
583471863067,0.0,NORMAL 🟢
967899692569,0.0,NORMAL 🟢
661837524956,0.0,NORMAL 🟢
436096275653,0.0,NORMAL 🟢
328130822457,0.0,NORMAL 🟢
310327396068,0.0,NORMAL 🟢
623894311432,0.0,NORMAL 🟢
649605867388,0.0,NORMAL 🟢
189860709187,0.0,NORMAL 🟢
522635782514,0.0,NORMAL 🟢
460813019368,0.0,NORMAL 🟢
267844483373,0.0,NORMAL 🟢
707940826289,0.0,NORMAL 🟢
800301679854,0.0,NORMAL 🟢
207044595677,0.0,NORMAL 🟢
514102519951,0.0,NORMAL 🟢
277907048254,0.0,NORMAL 🟢
300803449698,0.0,NORMAL 🟢
550310080238,0.0,NORMAL 🟢
457522913925,0.0,NORMAL 🟢
292880903226,0.0,NORMAL 🟢
120196725961,0.0,NORMAL 🟢
843247876972,0.0,NORMAL 🟢
751610954556,0.0,NORMAL 🟢
412303961242,0.0,NORMAL 🟢
550142521996,0.0,NORMAL 🟢
142078910545,0.0,NORMAL 🟢
137033362176,0.0,NORMAL 🟢
472202742739,0.0,NORMAL 🟢
776054169173,0.0,NORMAL 🟢
934542377577,0.0,NORMAL 🟢
543901628692,0.0,NORMAL 🟢
259624785833,0.0,NORMAL 🟢
983609388907,0.0,NORMAL 🟢
229501961907,0.0,NORMAL 🟢
270273744595,0.0,NORMAL 🟢
828244819471,0.0,NORMAL 🟢
239934071520,0.0,NORMAL 🟢
233595809898,0.0,NORMAL 🟢
206314033968,0.0,NORMAL 🟢
145642315117,0.0,NORMAL 🟢
759706030042,0.0,NORMAL 🟢
633640212460,0.0,NORMAL 🟢
116470243759,0.0,NORMAL 🟢
834275830823,0.0,NORMAL 🟢
195462279430,0.0,NORMAL 🟢
619645832146,0.0,NORMAL 🟢
822439671072,0.0,NORMAL 🟢
634387267695,0.0,NORMAL 🟢
202931868586,0.0,NORMAL 🟢
977994429295,0.0,NORMAL 🟢
608595862051,0.0,NORMAL 🟢
254900110464,0.0,NORMAL 🟢
618545409243,0.0,NORMAL 🟢
618071559183,0.0,NORMAL 🟢
266730023552,0.0,NORMAL 🟢
524948581373,0.0,NORMAL 🟢
666070793927,0.0,NORMAL 🟢
306559216885,0.0,NORMAL 🟢
871095142085,0.0,NORMAL 🟢
949984999601,0.0,NORMAL 🟢
708993809706,0.0,NORMAL 🟢
831471517261,0.0,NORMAL 🟢
527860824451,0.0,NORMAL 🟢
334641016437,0.0,NORMAL 🟢
853726115021,0.0,NORMAL 🟢
188207367953,0.0,NORMAL 🟢
492384026762,0.0,NORMAL 🟢
482947131321,0.0,NORMAL 🟢
619672761736,0.0,NORMAL 🟢
846322759316,0.0,NORMAL 🟢
215354464730,0.0,NORMAL 🟢
428747416404,0.0,NORMAL 🟢
343236702472,0.0,NORMAL 🟢
192763403447,0.0,NORMAL 🟢
569511847674,0.0,NORMAL 🟢
640986802830,0.0,NORMAL 🟢
567212018493,0.0,NORMAL 🟢
471760408731,0.0,NORMAL 🟢
544458636132,0.0,NORMAL 🟢
731866905748,0.0,NORMAL 🟢
320582327575,0.0,NORMAL 🟢
434254168520,0.0,NORMAL 🟢
995399517696,0.0,NORMAL 🟢
881897866561,0.0,NORMAL 🟢
498340349670,0.0,NORMAL 🟢
802573082200,0.0,NORMAL 🟢
445489984453,0.0,NORMAL 🟢
679584896415,0.0,NORMAL 🟢
271669492557,0.0,NORMAL 🟢
211827992829,0.0,NORMAL 🟢
689160643058,0.0,NORMAL 🟢
947181072909,0.0,NORMAL 🟢
359367535262,0.0,NORMAL 🟢
827659181867,0.0,NORMAL 🟢
940893594847,0.0,NORMAL 🟢
833485360488,0.0,NORMAL 🟢
537843809721,0.0,NORMAL 🟢
194274846030,0.0,NORMAL 🟢
382099320605,0.0,NORMAL 🟢
214213979015,0.0,NORMAL 🟢
430235998679,0.0,NORMAL 🟢
875540909700,0.0,NORMAL 🟢
330137054469,0.0,NORMAL 🟢
201678614412,0.0,NORMAL 🟢
300249515545,0.0,NORMAL 🟢
189819557034,0.0,NORMAL 🟢
663686649690,0.0,NORMAL 🟢
112128954926,0.0,NORMAL 🟢
882219768773,0.0,NORMAL 🟢
994065005159,0.0,NORMAL 🟢
378387691038,0.0,NORMAL 🟢
973901767188,0.0,NORMAL 🟢
590085904387,0.0,NORMAL 🟢
749423915370,0.0,NORMAL 🟢
219238517917,0.0,NORMAL 🟢
481987363037,0.0,NORMAL 🟢
258092223992,0.0,NORMAL 🟢
877014275820,0.0,NORMAL 🟢
634064903807,0.0,NORMAL 🟢
384093205601,0.0,NORMAL 🟢
694882762100,0.0,NORMAL 🟢
821827486837,0.0,NORMAL 🟢
956710213329,0.0,NORMAL 🟢
100707517902,0.0,NORMAL 🟢
167224163768,0.0,NORMAL 🟢
226804530295,0.0,NORMAL 🟢
762706039768,0.0,NORMAL 🟢
546380227321,0.0,NORMAL 🟢
724429687319,0.0,NORMAL 🟢
480175707094,0.0,NORMAL 🟢
751644351569,0.0,NORMAL 🟢
876567694816,0.0,NORMAL 🟢
119317479040,0.0,NORMAL 🟢
493455622376,0.0,NORMAL 🟢
799229032330,0.0,NORMAL 🟢
610306237137,0.0,NORMAL 🟢
691766664989,0.0,NORMAL 🟢
328073937077,0.0,NORMAL 🟢
985513555334,0.0,NORMAL 🟢
517149084641,0.0,NORMAL 🟢
267128407022,0.0,NORMAL 🟢
838759934948,0.0,NORMAL 🟢
189663303209,0.0,NORMAL 🟢
108977861135,0.0,NORMAL 🟢
649344072127,0.0,NORMAL 🟢
446821345679,0.0,NORMAL 🟢
635599080115,0.0,NORMAL 🟢
865003923335,0.0,NORMAL 🟢
333194794037,0.0,NORMAL 🟢
876871123377,0.0,NORMAL 🟢
398372982031,0.0,NORMAL 🟢
842677151541,0.0,NORMAL 🟢
359759397768,0.0,NORMAL 🟢
661347740442,0.0,NORMAL 🟢
878775508837,0.0,NORMAL 🟢
110680380767,0.0,NORMAL 🟢
588358460630,0.0,NORMAL 🟢
988043943954,0.0,NORMAL 🟢
226454112936,0.0,NORMAL 🟢
327918044034,0.0,NORMAL 🟢
308637837874,0.0,NORMAL 🟢
413106870774,0.0,NORMAL 🟢
521342194029,0.0,NORMAL 🟢
212301970749,0.0,NORMAL 🟢
344420634368,0.0,NORMAL 🟢
402889098527,0.0,NORMAL 🟢
351332942380,0.0,NORMAL 🟢
943825522296,0.0,NORMAL 🟢
890466953699,0.0,NORMAL 🟢
738389393130,0.0,NORMAL 🟢
769070685302,0.0,NORMAL 🟢
804414116538,0.0,NORMAL 🟢
454742531658,0.0,NORMAL 🟢
605783094591,0.0,NORMAL 🟢
206522758530,0.0,NORMAL 🟢
168933698812,0.0,NORMAL 🟢
768155933176,0.0,NORMAL 🟢
313751463655,0.0,NORMAL 🟢
531830990551,0.0,NORMAL 🟢
986505420305,0.0,NORMAL 🟢
911869162126,0.0,NORMAL 🟢
665787708168,0.0,NORMAL 🟢
630149899869,0.0,NORMAL 🟢
578165325995,0.0,NORMAL 🟢
645036786685,0.0,NORMAL 🟢
291646187645,0.0,NORMAL 🟢
733398800270,0.0,NORMAL 🟢
562387943267,0.0,NORMAL 🟢
475012100930,0.0,NORMAL 🟢
622181690398,0.0,NORMAL 🟢
425794011436,0.0,NORMAL 🟢
776303281430,0.0,NORMAL 🟢
561017073774,0.0,NORMAL 🟢
133879395276,0.0,NORMAL 🟢
279083031635,0.0,NORMAL 🟢
432843913555,0.0,NORMAL 🟢
923369267168,0.0,NORMAL 🟢
919675964642,0.0,NORMAL 🟢
864574440290,0.0,NORMAL 🟢
211688924207,0.0,NORMAL 🟢
121346483904,0.0,NORMAL 🟢
770596665192,0.0,NORMAL 🟢
605162037836,0.0,NORMAL 🟢
505416285068,0.0,NORMAL 🟢
501889410394,0.0,NORMAL 🟢
140495665199,0.0,NORMAL 🟢
936544236743,0.0,NORMAL 🟢
592316822477,0.0,NORMAL 🟢
133034105698,0.0,NORMAL 🟢
531620143337,0.0,NORMAL 🟢
673004467822,0.0,NORMAL 🟢
750522271225,0.0,NORMAL 🟢
139783410438,0.0,NORMAL 🟢
889353974293,0.0,NORMAL 🟢
984191561213,0.0,NORMAL 🟢
753714041145,0.0,NORMAL 🟢
481330426598,0.0,NORMAL 🟢
460775248566,0.0,NORMAL 🟢
107784618887,0.0,NORMAL 🟢
139020591725,0.0,NORMAL 🟢
544921946628,0.0,NORMAL 🟢
394166450712,0.0,NORMAL 🟢
192411071314,0.0,NORMAL 🟢
934814660985,0.0,NORMAL 🟢
661012255736,0.0,NORMAL 🟢
926343933242,0.0,NORMAL 🟢
401013432386,0.0,NORMAL 🟢
713260914823,0.0,NORMAL 🟢
910519949156,0.0,NORMAL 🟢
827181089102,0.0,NORMAL 🟢
495944595576,0.0,NORMAL 🟢
945274425955,0.0,NORMAL 🟢
945148992919,0.0,NORMAL 🟢
252090686444,0.0,NORMAL 🟢
374249026353,0.0,NORMAL 🟢
798799353412,0.0,NORMAL 🟢
868883669390,0.0,NORMAL 🟢
913061400058,0.0,NORMAL 🟢
410212945688,0.0,NORMAL 🟢
318068791060,0.0,NORMAL 🟢
901008909017,0.0,NORMAL 🟢
907550320141,0.0,NORMAL 🟢
867156274779,0.0,NORMAL 🟢
263571276145,0.0,NORMAL 🟢
125880250022,0.0,NORMAL 🟢
566996361336,0.0,NORMAL 🟢
464737955607,0.0,NORMAL 🟢
198637765855,0.0,NORMAL 🟢
734917394805,0.0,NORMAL 🟢
510095130116,0.0,NORMAL 🟢
635595464484,0.0,NORMAL 🟢
743807762582,0.0,NORMAL 🟢
860528669592,0.0,NORMAL 🟢
353042297047,0.0,NORMAL 🟢
232548972255,0.0,NORMAL 🟢
841387789299,0.0,NORMAL 🟢
481753088436,0.0,NORMAL 🟢
312374032008,0.0,NORMAL 🟢
663798757999,0.0,NORMAL 🟢
787291653114,0.0,NORMAL 🟢
665100837676,0.0,NORMAL 🟢
164735066833,0.0,NORMAL 🟢
116449311323,0.0,NORMAL 🟢
648485684574,0.0,NORMAL 🟢
590691747543,0.0,NORMAL 🟢
226284176589,0.0,NORMAL 🟢
281445283894,0.0,NORMAL 🟢
435721429999,0.0,NORMAL 🟢
497805764286,0.0,NORMAL 🟢
671271631075,0.0,NORMAL 🟢
586737106223,0.0,NORMAL 🟢
779527129710,0.0,NORMAL 🟢
492586271896,0.0,NORMAL 🟢
220822799619,0.0,NORMAL 🟢
141291832126,0.0,NORMAL 🟢
108785171110,0.0,NORMAL 🟢
228545193550,0.0,NORMAL 🟢
669751632186,0.0,NORMAL 🟢
416057590867,0.0,NORMAL 🟢
783334406039,0.0,NORMAL 🟢
690073567765,0.0,NORMAL 🟢
126792181631,0.0,NORMAL 🟢
148415362177,0.0,NORMAL 🟢
306519918515,0.0,NORMAL 🟢
577702660814,0.0,NORMAL 🟢
755773358122,0.0,NORMAL 🟢
634541134714,0.0,NORMAL 🟢
665998177522,0.0,NORMAL 🟢
871479096536,0.0,NORMAL 🟢
185171534635,0.0,NORMAL 🟢
839042660827,0.0,NORMAL 🟢
124002663431,0.0,NORMAL 🟢
907203484526,0.0,NORMAL 🟢
645647770193,0.0,NORMAL 🟢
183172589631,0.0,NORMAL 🟢
637228819295,0.0,NORMAL 🟢
790326543286,0.0,NORMAL 🟢
194325308156,0.0,NORMAL 🟢
511201876670,0.0,NORMAL 🟢
749176141363,0.0,NORMAL 🟢
916615203906,0.0,NORMAL 🟢
481849759280,0.0,NORMAL 🟢
497462930249,0.0,NORMAL 🟢
954946396301,0.0,NORMAL 🟢
106582316731,0.0,NORMAL 🟢
561745802915,0.0,NORMAL 🟢
169354659379,0.0,NORMAL 🟢
551018622316,0.0,NORMAL 🟢
169504881946,0.0,NORMAL 🟢
836033272580,0.0,NORMAL 🟢
648192688577,0.0,NORMAL 🟢
908284703414,0.0,NORMAL 🟢
338348762935,0.0,NORMAL 🟢
850544734796,0.0,NORMAL 🟢
979501837094,0.0,NORMAL 🟢
337200809325,0.0,NORMAL 🟢
248186337577,0.0,NORMAL 🟢
974561158330,0.0,NORMAL 🟢
831616541779,0.0,NORMAL 🟢
165512285491,0.0,NORMAL 🟢
411063660224,0.0,NORMAL 🟢
375701285550,0.0,NORMAL 🟢
281603892981,0.0,NORMAL 🟢
360912826426,0.0,NORMAL 🟢
918377906693,0.0,NORMAL 🟢
119717556790,0.0,NORMAL 🟢
880272240751,0.0,NORMAL 🟢
497258894432,0.0,NORMAL 🟢
844321912767,0.0,NORMAL 🟢
433809402021,0.0,NORMAL 🟢
554676708946,0.0,NORMAL 🟢
132617803179,0.0,NORMAL 🟢
150065661852,0.0,NORMAL 🟢
226865541643,0.0,NORMAL 🟢
471643436288,0.0,NORMAL 🟢
918529406519,0.0,NORMAL 🟢
411564718336,0.0,NORMAL 🟢
580002138644,0.0,NORMAL 🟢
828963549975,0.0,NORMAL 🟢
614152599900,0.0,NORMAL 🟢
787683186424,0.0,NORMAL 🟢
710956509163,0.0,NORMAL 🟢
583891100001,0.0,NORMAL 🟢
619267266787,0.0,NORMAL 🟢
304293539042,0.0,NORMAL 🟢
875016022093,0.0,NORMAL 🟢
118849756514,0.0,NORMAL 🟢
101502174684,0.0,NORMAL 🟢
985587817395,0.0,NORMAL 🟢
797934131743,0.0,NORMAL 🟢
329664372745,0.0,NORMAL 🟢
115741406715,0.0,NORMAL 🟢
142936026251,0.0,NORMAL 🟢
669965037790,0.0,NORMAL 🟢
390329352966,0.0,NORMAL 🟢
243329637199,0.0,NORMAL 🟢
138070328211,0.0,NORMAL 🟢
326003398925,0.0,NORMAL 🟢
940217798960,0.0,NORMAL 🟢
492963004675,0.0,NORMAL 🟢
693718544598,0.0,NORMAL 🟢
683721383853,0.0,NORMAL 🟢
454541186609,0.0,NORMAL 🟢
795915953074,0.0,NORMAL 🟢
126797589269,0.0,NORMAL 🟢
522079086410,0.0,NORMAL 🟢
577050775165,0.0,NORMAL 🟢
747163450968,0.0,NORMAL 🟢
152731367477,0.0,NORMAL 🟢
696111302732,0.0,NORMAL 🟢
105264027084,0.0,NORMAL 🟢
525599077843,0.0,NORMAL 🟢
399601053564,0.0,NORMAL 🟢
327741274063,0.0,NORMAL 🟢
443104028889,0.0,NORMAL 🟢
765904741942,0.0,NORMAL 🟢
750903174838,0.0,NORMAL 🟢
401081667830,0.0,NORMAL 🟢
604165845731,0.0,NORMAL 🟢
648322040742,0.0,NORMAL 🟢
568095830569,0.0,NORMAL 🟢
978175759066,0.0,NORMAL 🟢
584321220413,0.0,NORMAL 🟢
805227838396,0.0,NORMAL 🟢
903509485251,0.0,NORMAL 🟢
236632709181,0.0,NORMAL 🟢
681034794989,0.0,NORMAL 🟢
328167484908,0.0,NORMAL 🟢
438796241735,0.0,NORMAL 🟢
948395476875,0.0,NORMAL 🟢
282004839958,0.0,NORMAL 🟢
923372739075,0.0,NORMAL 🟢
393640686172,0.0,NORMAL 🟢
239021598207,0.0,NORMAL 🟢
421336175400,0.0,NORMAL 🟢
106095179291,0.0,NORMAL 🟢
540380544269,0.0,NORMAL 🟢
867169076801,0.0,NORMAL 🟢
143568775437,0.0,NORMAL 🟢
682022587180,0.0,NORMAL 🟢
760495237471,0.0,NORMAL 🟢
765257984219,0.0,NORMAL 🟢
739543949806,0.0,NORMAL 🟢
485338407756,0.0,NORMAL 🟢
455508035914,0.0,NORMAL 🟢
416745535325,0.0,NORMAL 🟢
356921711080,0.0,NORMAL 🟢
910159318075,0.0,NORMAL 🟢
890580564036,0.0,NORMAL 🟢
799926589573,0.0,NORMAL 🟢
767703749157,0.0,NORMAL 🟢
271362564975,0.0,NORMAL 🟢
457334317246,0.0,NORMAL 🟢
986744314435,0.0,NORMAL 🟢
270008622580,0.0,NORMAL 🟢
622061626979,0.0,NORMAL 🟢
561752392052,0.0,NORMAL 🟢
221749474528,0.0,NORMAL 🟢
313501533476,0.0,NORMAL 🟢
678042756061,0.0,NORMAL 🟢
688333411384,0.0,NORMAL 🟢
927901091167,0.0,NORMAL 🟢
914687243864,0.0,NORMAL 🟢
570470900244,0.0,NORMAL 🟢
162454752433,0.0,NORMAL 🟢
801704746939,0.0,NORMAL 🟢
634481304845,0.0,NORMAL 🟢
244412728973,0.0,NORMAL 🟢
810665619403,0.0,NORMAL 🟢
207424999656,0.0,NORMAL 🟢
450419187363,0.0,NORMAL 🟢
229268399349,0.0,NORMAL 🟢
350821355937,0.0,NORMAL 🟢
637545013873,0.0,NORMAL 🟢
632887116087,0.0,NORMAL 🟢
451237738989,0.0,NORMAL 🟢
674332764998,0.0,NORMAL 🟢
888714008066,0.0,NORMAL 🟢
277280558515,0.0,NORMAL 🟢
587720275386,0.0,NORMAL 🟢
951098361949,0.0,NORMAL 🟢
146130326377,0.0,NORMAL 🟢
529176027512,0.0,NORMAL 🟢
122401067213,0.0,NORMAL 🟢
258622120446,0.0,NORMAL 🟢
597215036011,0.0,NORMAL 🟢
250962668346,0.0,NORMAL 🟢
334179953113,0.0,NORMAL 🟢
639438106925,0.0,NORMAL 🟢
154032919739,0.0,NORMAL 🟢
343130072348,0.0,NORMAL 🟢
541641581184,0.0,NORMAL 🟢
177063614062,0.0,NORMAL 🟢
641995324041,0.0,NORMAL 🟢
651372324067,0.0,NORMAL 🟢
982687779474,0.0,NORMAL 🟢
514930661487,0.0,NORMAL 🟢
249644407648,0.0,NORMAL 🟢
144767519326,0.0,NORMAL 🟢
882123764627,0.0,NORMAL 🟢
739433549795,0.0,NORMAL 🟢
156694685201,0.0,NORMAL 🟢
520667226252,0.0,NORMAL 🟢
603234138142,0.0,NORMAL 🟢
105861366897,0.0,NORMAL 🟢
128680717129,0.0,NORMAL 🟢
779071355697,0.0,NORMAL 🟢
260405639993,0.0,NORMAL 🟢
541746479937,0.0,NORMAL 🟢
584650681906,0.0,NORMAL 🟢
766159205732,0.0,NORMAL 🟢
634103922186,0.0,NORMAL 🟢
578103585066,0.0,NORMAL 🟢
432061939123,0.0,NORMAL 🟢
524503590645,0.0,NORMAL 🟢
679701380442,0.0,NORMAL 🟢
746136603316,0.0,NORMAL 🟢
362599347784,0.0,NORMAL 🟢
666163737826,0.0,NORMAL 🟢
583943785592,0.0,NORMAL 🟢
211807485826,0.0,NORMAL 🟢
687891071150,0.0,NORMAL 🟢
782732268628,0.0,NORMAL 🟢
583898685540,0.0,NORMAL 🟢
683884688786,0.0,NORMAL 🟢
563071335212,0.0,NORMAL 🟢
829050145644,0.0,NORMAL 🟢
695837711159,0.0,NORMAL 🟢
132691424111,0.0,NORMAL 🟢
167307393702,0.0,NORMAL 🟢
110432553301,0.0,NORMAL 🟢
268363112596,0.0,NORMAL 🟢
709981355612,0.0,NORMAL 🟢
222357805837,0.0,NORMAL 🟢
586540363118,0.0,NORMAL 🟢
206023231586,0.0,NORMAL 🟢
297425259812,0.0,NORMAL 🟢
279639534518,0.0,NORMAL 🟢
405786021507,0.0,NORMAL 🟢
801099996648,0.0,NORMAL 🟢
212685521860,0.0,NORMAL 🟢
364590981990,0.0,NORMAL 🟢
382306281810,0.0,NORMAL 🟢
732671741117,0.0,NORMAL 🟢
146983584175,0.0,NORMAL 🟢
860576688924,0.0,NORMAL 🟢
240046770335,0.0,NORMAL 🟢
918373107493,0.0,NORMAL 🟢
995688707609,0.0,NORMAL 🟢
697652973850,0.0,NORMAL 🟢
261772444499,0.0,NORMAL 🟢
337984333706,0.0,NORMAL 🟢
979677010062,0.0,NORMAL 🟢
994002893225,0.0,NORMAL 🟢
869791222596,0.0,NORMAL 🟢
224511300672,0.0,NORMAL 🟢
667656077562,0.0,NORMAL 🟢
330914490401,0.0,NORMAL 🟢
853699696100,0.0,NORMAL 🟢
516245065988,0.0,NORMAL 🟢
683505486378,0.0,NORMAL 🟢
914537303118,0.0,NORMAL 🟢
819409211548,0.0,NORMAL 🟢
593394236398,0.0,NORMAL 🟢
469156679656,0.0,NORMAL 🟢
543120192676,0.0,NORMAL 🟢
906253639556,0.0,NORMAL 🟢
648080434188,0.0,NORMAL 🟢
621957729282,0.0,NORMAL 🟢
707678302468,0.0,NORMAL 🟢
240644030684,0.0,NORMAL 🟢
374303433424,0.0,NORMAL 🟢
760815339462,0.0,NORMAL 🟢
251910543041,0.0,NORMAL 🟢
196558773425,0.0,NORMAL 🟢
457005187804,0.0,NORMAL 🟢
832818701688,0.0,NORMAL 🟢
109721288050,0.0,NORMAL 🟢
330205712193,0.0,NORMAL 🟢
736113767632,0.0,NORMAL 🟢
846196661180,0.0,NORMAL 🟢
521128061757,0.0,NORMAL 🟢
927009249081,0.0,NORMAL 🟢
850599505758,0.0,NORMAL 🟢
353044059513,0.0,NORMAL 🟢
945127517690,0.0,NORMAL 🟢
889906032570,0.0,NORMAL 🟢
514278008280,0.0,NORMAL 🟢
680495769741,0.0,NORMAL 🟢
673900631079,0.0,NORMAL 🟢
828890722280,0.0,NORMAL 🟢
352756520398,0.0,NORMAL 🟢
854775555497,0.0,NORMAL 🟢
757755171593,0.0,NORMAL 🟢
711541429984,0.0,NORMAL 🟢
834111509129,0.0,NORMAL 🟢
276858312390,0.0,NORMAL 🟢
372927863862,0.0,NORMAL 🟢
526342225878,0.0,NORMAL 🟢
576027701192,0.0,NORMAL 🟢
805158212116,0.0,NORMAL 🟢
198778476796,0.0,NORMAL 🟢
224154332648,0.0,NORMAL 🟢
751417235726,0.0,NORMAL 🟢
606862031679,0.0,NORMAL 🟢
500402270265,0.0,NORMAL 🟢
941747770929,0.0,NORMAL 🟢
108272536240,0.0,NORMAL 🟢
362282888161,0.0,NORMAL 🟢
100311512802,0.0,NORMAL 🟢
402026859183,0.0,NORMAL 🟢
594761312462,0.0,NORMAL 🟢
390282177665,0.0,NORMAL 🟢
473251072864,0.0,NORMAL 🟢
823077801232,0.0,NORMAL 🟢
163228250759,0.0,NORMAL 🟢
808868468870,0.0,NORMAL 🟢
808272266187,0.0,NORMAL 🟢
370816066282,0.0,NORMAL 🟢
141100374849,0.0,NORMAL 🟢
745149693860,0.0,NORMAL 🟢
306353445203,0.0,NORMAL 🟢
671917740298,0.0,NORMAL 🟢
428010508632,0.0,NORMAL 🟢
257857716755,0.0,NORMAL 🟢
723781691032,0.0,NORMAL 🟢
532294057686,0.0,NORMAL 🟢
814089238748,0.0,NORMAL 🟢
350776575914,0.0,NORMAL 🟢
543773701307,0.0,NORMAL 🟢
383390432766,0.0,NORMAL 🟢
729280000587,0.0,NORMAL 🟢
570777996460,0.0,NORMAL 🟢
172624497533,0.0,NORMAL 🟢
809597843793,0.0,NORMAL 🟢
668808339192,0.0,NORMAL 🟢
575030898156,0.0,NORMAL 🟢
559123176110,0.0,NORMAL 🟢
951264892084,0.0,NORMAL 🟢
901320099229,0.0,NORMAL 🟢
682194103564,0.0,NORMAL 🟢
246443862670,0.0,NORMAL 🟢
798067342943,0.0,NORMAL 🟢
178641392187,0.0,NORMAL 🟢
653317352608,0.0,NORMAL 🟢
475562890844,0.0,NORMAL 🟢
863297523621,0.0,NORMAL 🟢
809121634608,0.0,NORMAL 🟢
790195588104,0.0,NORMAL 🟢
943963204704,0.0,NORMAL 🟢
340707424322,0.0,NORMAL 🟢
763027389124,0.0,NORMAL 🟢
332308688111,0.0,NORMAL 🟢
114505527885,0.0,NORMAL 🟢
825355547255,0.0,NORMAL 🟢
233476990219,0.0,NORMAL 🟢
110011713294,0.0,NORMAL 🟢
436287870097,0.0,NORMAL 🟢
569551447123,0.0,NORMAL 🟢
831836396751,0.0,NORMAL 🟢
473605115509,0.0,NORMAL 🟢
922052868071,0.0,NORMAL 🟢
959293076377,0.0,NORMAL 🟢
584663918709,0.0,NORMAL 🟢
436753903274,0.0,NORMAL 🟢
867983629559,0.0,NORMAL 🟢
843690172581,0.0,NORMAL 🟢
929882027520,0.0,NORMAL 🟢
701240964197,0.0,NORMAL 🟢
576948372604,0.0,NORMAL 🟢
621139091309,0.0,NORMAL 🟢
473874299805,0.0,NORMAL 🟢
522063918119,0.0,NORMAL 🟢
555087921196,0.0,NORMAL 🟢
760682601630,0.0,NORMAL 🟢
601710683674,0.0,NORMAL 🟢
516064270422,0.0,NORMAL 🟢
612973690433,0.0,NORMAL 🟢
800319705625,0.0,NORMAL 🟢
986806393542,0.0,NORMAL 🟢
214967465562,0.0,NORMAL 🟢
281084332045,0.0,NORMAL 🟢
652320599729,0.0,NORMAL 🟢
286972453662,0.0,NORMAL 🟢
770740967098,0.0,NORMAL 🟢
311418168568,0.0,NORMAL 🟢
886705064801,0.0,NORMAL 🟢
668644677655,0.0,NORMAL 🟢
782521007953,0.0,NORMAL 🟢
467481533641,0.0,NORMAL 🟢
997107445421,0.0,NORMAL 🟢
814591096017,0.0,NORMAL 🟢
639353202659,0.0,NORMAL 🟢
619057031842,0.0,NORMAL 🟢
212324833060,0.0,NORMAL 🟢
787696508283,0.0,NORMAL 🟢
315615832843,0.0,NORMAL 🟢
379220770850,0.0,NORMAL 🟢
243017237910,0.0,NORMAL 🟢
188171066912,0.0,NORMAL 🟢
715266784975,0.0,NORMAL 🟢
791358171100,0.0,NORMAL 🟢
731837221190,0.0,NORMAL 🟢
386243276912,0.0,NORMAL 🟢
674465411251,0.0,NORMAL 🟢
123571497060,0.0,NORMAL 🟢
461202633638,0.0,NORMAL 🟢
813373417215,0.0,NORMAL 🟢
518712769432,0.0,NORMAL 🟢
534671468193,0.0,NORMAL 🟢
635630999962,0.0,NORMAL 🟢
624919589366,0.0,NORMAL 🟢
263605428398,0.0,NORMAL 🟢
928007991722,0.0,NORMAL 🟢
224804838970,0.0,NORMAL 🟢
624952493487,0.0,NORMAL 🟢
306086952277,0.0,NORMAL 🟢
979311542099,0.0,NORMAL 🟢
827971047584,0.0,NORMAL 🟢
951861374557,0.0,NORMAL 🟢
375459761389,0.0,NORMAL 🟢
658531655762,0.0,NORMAL 🟢
442220095823,0.0,NORMAL 🟢
889245732745,0.0,NORMAL 🟢
747438565210,0.0,NORMAL 🟢
287287786352,0.0,NORMAL 🟢
772407357735,0.0,NORMAL 🟢
360613193033,0.0,NORMAL 🟢
879148380935,0.0,NORMAL 🟢
523141717526,0.0,NORMAL 🟢
381049257275,0.0,NORMAL 🟢
318989972209,0.0,NORMAL 🟢
109944806553,0.0,NORMAL 🟢
386327035683,0.0,NORMAL 🟢
492191240232,0.0,NORMAL 🟢
347062630753,0.0,NORMAL 🟢
502997027836,0.0,NORMAL 🟢
650382691866,0.0,NORMAL 🟢
359675840614,0.0,NORMAL 🟢
743007563008,0.0,NORMAL 🟢
816431627924,0.0,NORMAL 🟢
350229528523,0.0,NORMAL 🟢
197648110578,0.0,NORMAL 🟢
641937350040,0.0,NORMAL 🟢
888356889235,0.0,NORMAL 🟢
616679234513,0.0,NORMAL 🟢
194179473494,0.0,NORMAL 🟢
628814621855,0.0,NORMAL 🟢
353193881034,0.0,NORMAL 🟢
549374716928,0.0,NORMAL 🟢
776009583035,0.0,NORMAL 🟢
570146323715,0.0,NORMAL 🟢
552275158395,0.0,NORMAL 🟢
641179313946,0.0,NORMAL 🟢
907082112624,0.0,NORMAL 🟢
926271322061,0.0,NORMAL 🟢
960826800993,0.0,NORMAL 🟢
341791080315,0.0,NORMAL 🟢
463042824792,0.0,NORMAL 🟢
589056059182,0.0,NORMAL 🟢
257643368966,0.0,NORMAL 🟢
592770673152,0.0,NORMAL 🟢
791359936424,0.0,NORMAL 🟢
753257921496,0.0,NORMAL 🟢
232918582046,0.0,NORMAL 🟢
105833888926,0.0,NORMAL 🟢
290239485974,0.0,NORMAL 🟢
842132436846,0.0,NORMAL 🟢
610278956211,0.0,NORMAL 🟢
469530880750,0.0,NORMAL 🟢
584109704792,0.0,NORMAL 🟢
702812227871,0.0,NORMAL 🟢
451139870036,0.0,NORMAL 🟢
605547765034,0.0,NORMAL 🟢
547082445146,0.0,NORMAL 🟢
427653840102,0.0,NORMAL 🟢
852457782942,0.0,NORMAL 🟢
324768077093,0.0,NORMAL 🟢
140409725753,0.0,NORMAL 🟢
508296623831,0.0,NORMAL 🟢
791322923400,0.0,NORMAL 🟢
256404969238,0.0,NORMAL 🟢
833519620895,0.0,NORMAL 🟢
343742896778,0.0,NORMAL 🟢
370072870633,0.0,NORMAL 🟢
727281220840,0.0,NORMAL 🟢
567054423596,0.0,NORMAL 🟢
477204643199,0.0,NORMAL 🟢
912684040649,0.0,NORMAL 🟢
893149230754,0.0,NORMAL 🟢
144804655966,0.0,NORMAL 🟢
410056119960,0.0,NORMAL 🟢
584737577124,0.0,NORMAL 🟢
330711938044,0.0,NORMAL 🟢
390198140237,0.0,NORMAL 🟢
185329541052,0.0,NORMAL 🟢
765600852513,0.0,NORMAL 🟢
688597063248,0.0,NORMAL 🟢
478438241366,0.0,NORMAL 🟢
478469009458,0.0,NORMAL 🟢
149306785578,0.0,NORMAL 🟢
244804652404,0.0,NORMAL 🟢
955673557963,0.0,NORMAL 🟢
216811268615,0.0,NORMAL 🟢
131843644618,0.0,NORMAL 🟢
861779576336,0.0,NORMAL 🟢
740251201083,0.0,NORMAL 🟢
498144988198,0.0,NORMAL 🟢
891915449409,0.0,NORMAL 🟢
559103977627,0.0,NORMAL 🟢
488755850974,0.0,NORMAL 🟢
523371323863,0.0,NORMAL 🟢
514356566316,0.0,NORMAL 🟢
623614384505,0.0,NORMAL 🟢
856459202703,0.0,NORMAL 🟢
499129526655,0.0,NORMAL 🟢
760439972118,0.0,NORMAL 🟢
469335823598,0.0,NORMAL 🟢
148742687145,0.0,NORMAL 🟢
498615504954,0.0,NORMAL 🟢
488820213800,0.0,NORMAL 🟢
963774799746,0.0,NORMAL 🟢
175570045759,0.0,NORMAL 🟢
318744607193,0.0,NORMAL 🟢
825515955740,0.0,NORMAL 🟢
171120637881,0.0,NORMAL 🟢
983537115305,0.0,NORMAL 🟢
424218982527,0.0,NORMAL 🟢
350632041303,0.0,NORMAL 🟢
972078395556,0.0,NORMAL 🟢
873017248384,0.0,NORMAL 🟢
210090419513,0.0,NORMAL 🟢
105948278768,0.0,NORMAL 🟢
864335610889,0.0,NORMAL 🟢
767963244334,0.0,NORMAL 🟢
261295508787,0.0,NORMAL 🟢
974011470465,0.0,NORMAL 🟢
874483251012,0.0,NORMAL 🟢
917447695514,0.0,NORMAL 🟢
600045789020,0.0,NORMAL 🟢
586528018355,0.0,NORMAL 🟢
605592247693,0.0,NORMAL 🟢
230478580175,0.0,NORMAL 🟢
923423886088,0.0,NORMAL 🟢
188939425964,0.0,NORMAL 🟢
361842687185,0.0,NORMAL 🟢
280462167046,0.0,NORMAL 🟢
322616882518,0.0,NORMAL 🟢
632761007681,0.0,NORMAL 🟢
558971581141,0.0,NORMAL 🟢
295297144131,0.0,NORMAL 🟢
998196613353,0.0,NORMAL 🟢
997564533034,0.0,NORMAL 🟢
267738573194,0.0,NORMAL 🟢
402390001536,0.0,NORMAL 🟢
487735978821,0.0,NORMAL 🟢
955461302153,0.0,NORMAL 🟢
875285583013,0.0,NORMAL 🟢
286483362070,0.0,NORMAL 🟢
308311063925,0.0,NORMAL 🟢
748151554198,0.0,NORMAL 🟢
828768217279,0.0,NORMAL 🟢
679149024851,0.0,NORMAL 🟢
314718438413,0.0,NORMAL 🟢
664195617125,0.0,NORMAL 🟢
265219715741,0.0,NORMAL 🟢
263965308334,0.0,NORMAL 🟢
445083545861,0.0,NORMAL 🟢
588358509437,0.0,NORMAL 🟢
129517629373,0.0,NORMAL 🟢
386975413776,0.0,NORMAL 🟢
258553875494,0.0,NORMAL 🟢
214774944416,0.0,NORMAL 🟢
153096769281,0.0,NORMAL 🟢
864102524941,0.0,NORMAL 🟢
375499337471,0.0,NORMAL 🟢
994711387710,0.0,NORMAL 🟢
383769010647,0.0,NORMAL 🟢
108254931884,0.0,NORMAL 🟢
183641048904,0.0,NORMAL 🟢
296441589032,0.0,NORMAL 🟢
618660973671,0.0,NORMAL 🟢
430861229082,0.0,NORMAL 🟢
335348506515,0.0,NORMAL 🟢
915743135343,0.0,NORMAL 🟢
889019426660,0.0,NORMAL 🟢
118622067310,0.0,NORMAL 🟢
332533950956,0.0,NORMAL 🟢
570909458417,0.0,NORMAL 🟢
826556353198,0.0,NORMAL 🟢
892691398225,0.0,NORMAL 🟢
693995795780,0.0,NORMAL 🟢
590974491315,0.0,NORMAL 🟢
479748433623,0.0,NORMAL 🟢
322659855990,0.0,NORMAL 🟢
537954411479,0.0,NORMAL 🟢
292170785131,0.0,NORMAL 🟢
910550434125,0.0,NORMAL 🟢
656642630616,0.0,NORMAL 🟢
636659146173,0.0,NORMAL 🟢
186549797356,0.0,NORMAL 🟢
459149966230,0.0,NORMAL 🟢
158761433302,0.0,NORMAL 🟢
976868164320,0.0,NORMAL 🟢
851254363506,0.0,NORMAL 🟢
327388390406,0.0,NORMAL 🟢
605895788396,0.0,NORMAL 🟢
453180171055,0.0,NORMAL 🟢
231394105582,0.0,NORMAL 🟢
191618348617,0.0,NORMAL 🟢
724342282469,0.0,NORMAL 🟢
303045553523,0.0,NORMAL 🟢
483051002635,0.0,NORMAL 🟢
469050915435,0.0,NORMAL 🟢
366303650489,0.0,NORMAL 🟢
579359424419,0.0,NORMAL 🟢
101401102491,0.0,NORMAL 🟢
416292060765,0.0,NORMAL 🟢
738248936800,0.0,NORMAL 🟢
632968386660,0.0,NORMAL 🟢
630433061258,0.0,NORMAL 🟢
453324656432,0.0,NORMAL 🟢
461253095847,0.0,NORMAL 🟢
171416025848,0.0,NORMAL 🟢
570715656529,0.0,NORMAL 🟢
255422523409,0.0,NORMAL 🟢
580781242403,0.0,NORMAL 🟢
681698334865,0.0,NORMAL 🟢
574624505401,0.0,NORMAL 🟢
730617749459,0.0,NORMAL 🟢
443551762534,0.0,NORMAL 🟢
933039834139,0.0,NORMAL 🟢
495362199446,0.0,NORMAL 🟢
949259336473,0.0,NORMAL 🟢
780198921533,0.0,NORMAL 🟢
646947436457,0.0,NORMAL 🟢
405487872902,0.0,NORMAL 🟢
376278748844,0.0,NORMAL 🟢
556162985480,0.0,NORMAL 🟢
485321553019,0.0,NORMAL 🟢
315820974308,0.0,NORMAL 🟢
990180416480,0.0,NORMAL 🟢
203241489412,0.0,NORMAL 🟢
273767481451,0.0,NORMAL 🟢
544975476378,0.0,NORMAL 🟢
413010045173,0.0,NORMAL 🟢
205060895233,0.0,NORMAL 🟢
965526565775,0.0,NORMAL 🟢
971435337926,0.0,NORMAL 🟢
437433320516,0.0,NORMAL 🟢
475051369778,0.0,NORMAL 🟢
159746863741,0.0,NORMAL 🟢
360183003690,0.0,NORMAL 🟢
899619183394,0.0,NORMAL 🟢
323597319248,0.0,NORMAL 🟢
737413940758,0.0,NORMAL 🟢
541248286092,0.0,NORMAL 🟢
354985033964,0.0,NORMAL 🟢
748314265026,0.0,NORMAL 🟢
818636520663,0.0,NORMAL 🟢
481379986475,0.0,NORMAL 🟢
601100766140,0.0,NORMAL 🟢
729968456830,0.0,NORMAL 🟢
517387159837,0.0,NORMAL 🟢
237690026829,0.0,NORMAL 🟢
880622215134,0.0,NORMAL 🟢
102132497028,0.0,NORMAL 🟢
576024540683,0.0,NORMAL 🟢
749789299848,0.0,NORMAL 🟢
713927987799,0.0,NORMAL 🟢
505566825324,0.0,NORMAL 🟢
664475436468,0.0,NORMAL 🟢
904373718728,0.0,NORMAL 🟢
196586676250,0.0,NORMAL 🟢
370952033211,0.0,NORMAL 🟢
200056674972,0.0,NORMAL 🟢
343529426670,0.0,NORMAL 🟢
992127237878,0.0,NORMAL 🟢
338227211875,0.0,NORMAL 🟢
378487653832,0.0,NORMAL 🟢
909897379911,0.0,NORMAL 🟢
779949560761,0.0,NORMAL 🟢
702607875497,0.0,NORMAL 🟢
345079296457,0.0,NORMAL 🟢
575985775162,0.0,NORMAL 🟢
749694406024,0.0,NORMAL 🟢
316769642220,0.0,NORMAL 🟢
421055468696,0.0,NORMAL 🟢
695980169868,0.0,NORMAL 🟢
757532328131,0.0,NORMAL 🟢
917113100276,0.0,NORMAL 🟢
621239911937,0.0,NORMAL 🟢
228487355159,0.0,NORMAL 🟢
805031281915,0.0,NORMAL 🟢
313022143755,0.0,NORMAL 🟢
825910419913,0.0,NORMAL 🟢
269630634861,0.0,NORMAL 🟢
420322485761,0.0,NORMAL 🟢
906268549348,0.0,NORMAL 🟢
881212315989,0.0,NORMAL 🟢
380725524053,0.0,NORMAL 🟢
451557784752,0.0,NORMAL 🟢
300503421875,0.0,NORMAL 🟢
217727206140,0.0,NORMAL 🟢
474757398407,0.0,NORMAL 🟢
699877318264,0.0,NORMAL 🟢
428974706732,0.0,NORMAL 🟢
329754307897,0.0,NORMAL 🟢
107021338480,0.0,NORMAL 🟢
438606293962,0.0,NORMAL 🟢
998884839142,0.0,NORMAL 🟢
856140749743,0.0,NORMAL 🟢
196301967491,0.0,NORMAL 🟢
772436404805,0.0,NORMAL 🟢
239837288786,0.0,NORMAL 🟢
249833088998,0.0,NORMAL 🟢
203957585590,0.0,NORMAL 🟢
811902430973,0.0,NORMAL 🟢
611244268712,0.0,NORMAL 🟢
946303831520,0.0,NORMAL 🟢
716998471894,0.0,NORMAL 🟢
878910373028,0.0,NORMAL 🟢
590448412292,0.0,NORMAL 🟢
993811340612,0.0,NORMAL 🟢
453430191518,0.0,NORMAL 🟢
541851226316,0.0,NORMAL 🟢
130033486954,0.0,NORMAL 🟢
772009639368,0.0,NORMAL 🟢
228642342635,0.0,NORMAL 🟢
610279824155,0.0,NORMAL 🟢
742551692604,0.0,NORMAL 🟢
219652806407,0.0,NORMAL 🟢
901526081349,0.0,NORMAL 🟢
569157482753,0.0,NORMAL 🟢
466466946532,0.0,NORMAL 🟢
531188987070,0.0,NORMAL 🟢
695882265119,0.0,NORMAL 🟢
198773896118,0.0,NORMAL 🟢
460904515294,0.0,NORMAL 🟢
560521146791,0.0,NORMAL 🟢
669617094282,0.0,NORMAL 🟢
601851641902,0.0,NORMAL 🟢
684133764341,0.0,NORMAL 🟢
247207819759,0.0,NORMAL 🟢
553412877107,0.0,NORMAL 🟢
776246354278,0.0,NORMAL 🟢
902319056813,0.0,NORMAL 🟢
635467920452,0.0,NORMAL 🟢
650407450302,0.0,NORMAL 🟢
935527554652,0.0,NORMAL 🟢
264111208252,0.0,NORMAL 🟢
465127174207,0.0,NORMAL 🟢
323540675644,0.0,NORMAL 🟢
166451013857,0.0,NORMAL 🟢
531582848618,0.0,NORMAL 🟢
846289949084,0.0,NORMAL 🟢
274271413008,0.0,NORMAL 🟢
665688857294,0.0,NORMAL 🟢
170195018810,0.0,NORMAL 🟢
458157862970,0.0,NORMAL 🟢
801092783299,0.0,NORMAL 🟢
660411123528,0.0,NORMAL 🟢
723287469613,0.0,NORMAL 🟢
216699682362,0.0,NORMAL 🟢
608070835493,0.0,NORMAL 🟢
971950168813,0.0,NORMAL 🟢
813306363560,0.0,NORMAL 🟢
916045496703,0.0,NORMAL 🟢
694028833025,0.0,NORMAL 🟢
592842757156,0.0,NORMAL 🟢
491765646638,0.0,NORMAL 🟢
896736382558,0.0,NORMAL 🟢
605799707746,0.0,NORMAL 🟢
724800087856,0.0,NORMAL 🟢
566655042325,0.0,NORMAL 🟢
358545369114,0.0,NORMAL 🟢
406502773400,0.0,NORMAL 🟢
593647054512,0.0,NORMAL 🟢
263689610373,0.0,NORMAL 🟢
558157832992,0.0,NORMAL 🟢
933450515086,0.0,NORMAL 🟢
282853845582,0.0,NORMAL 🟢
778314775147,0.0,NORMAL 🟢
313526759207,0.0,NORMAL 🟢
671405258307,0.0,NORMAL 🟢
110340055779,0.0,NORMAL 🟢
820806594452,0.0,NORMAL 🟢
779627803337,0.0,NORMAL 🟢
936121856409,0.0,NORMAL 🟢
789653744107,0.0,NORMAL 🟢
534096959297,0.0,NORMAL 🟢
501503797445,0.0,NORMAL 🟢
385550811465,0.0,NORMAL 🟢
445171207677,0.0,NORMAL 🟢
241258146718,0.0,NORMAL 🟢
367467716087,0.0,NORMAL 🟢
705000645105,0.0,NORMAL 🟢
834576273735,0.0,NORMAL 🟢
412081546196,0.0,NORMAL 🟢
173594983992,0.0,NORMAL 🟢
301388752637,0.0,NORMAL 🟢
662241215141,0.0,NORMAL 🟢
709831349002,0.0,NORMAL 🟢
852017595541,0.0,NORMAL 🟢
821893740149,0.0,NORMAL 🟢
219127382952,0.0,NORMAL 🟢
199685342700,0.0,NORMAL 🟢
755475888387,0.0,NORMAL 🟢
455500300071,0.0,NORMAL 🟢
950507952666,0.0,NORMAL 🟢
730716307228,0.0,NORMAL 🟢
713821697121,0.0,NORMAL 🟢
151133297875,0.0,NORMAL 🟢
237226233533,0.0,NORMAL 🟢
157743118161,0.0,NORMAL 🟢
950461429515,0.0,NORMAL 🟢
479879349568,0.0,NORMAL 🟢
297481483664,0.0,NORMAL 🟢
896689426315,0.0,NORMAL 🟢
450687676938,0.0,NORMAL 🟢
349391762795,0.0,NORMAL 🟢
953606005877,0.0,NORMAL 🟢
338310715923,0.0,NORMAL 🟢
102720658556,0.0,NORMAL 🟢
220087165026,0.0,NORMAL 🟢
568770601666,0.0,NORMAL 🟢
897653462899,0.0,NORMAL 🟢
909295673874,0.0,NORMAL 🟢
962037310627,0.0,NORMAL 🟢
492239130818,0.0,NORMAL 🟢
190092309688,0.0,NORMAL 🟢
377008277888,0.0,NORMAL 🟢
138171851851,0.0,NORMAL 🟢
126173478954,0.0,NORMAL 🟢
864739494353,0.0,NORMAL 🟢
982708852334,0.0,NORMAL 🟢
155258778014,0.0,NORMAL 🟢
276325101103,0.0,NORMAL 🟢
288908976166,0.0,NORMAL 🟢
834829037578,0.0,NORMAL 🟢
422207259305,0.0,NORMAL 🟢
864154067630,0.0,NORMAL 🟢
111179247100,0.0,NORMAL 🟢
611280466759,0.0,NORMAL 🟢
442456116398,0.0,NORMAL 🟢
405406591798,0.0,NORMAL 🟢
306766706521,0.0,NORMAL 🟢
227012596272,0.0,NORMAL 🟢
823846187573,0.0,NORMAL 🟢
912023041679,0.0,NORMAL 🟢
915723847396,0.0,NORMAL 🟢
705344074790,0.0,NORMAL 🟢
310442465362,0.0,NORMAL 🟢
273171388192,0.0,NORMAL 🟢
988691615168,0.0,NORMAL 🟢
732536160672,0.0,NORMAL 🟢
988904977778,0.0,NORMAL 🟢
384350747476,0.0,NORMAL 🟢
659604780686,0.0,NORMAL 🟢
128503277545,0.0,NORMAL 🟢
327559471350,0.0,NORMAL 🟢
527086741872,0.0,NORMAL 🟢
530924794305,0.0,NORMAL 🟢
147349644125,0.0,NORMAL 🟢
302208743216,0.0,NORMAL 🟢
582928461334,0.0,NORMAL 🟢
542808700360,0.0,NORMAL 🟢
111415419574,0.0,NORMAL 🟢
473857313703,0.0,NORMAL 🟢
911238771351,0.0,NORMAL 🟢
406339421905,0.0,NORMAL 🟢
250517914829,0.0,NORMAL 🟢
289624921956,0.0,NORMAL 🟢
570587681417,0.0,NORMAL 🟢
124458726856,0.0,NORMAL 🟢
783188610369,0.0,NORMAL 🟢
672236889917,0.0,NORMAL 🟢
542889340967,0.0,NORMAL 🟢
824932689886,0.0,NORMAL 🟢
742868163571,0.0,NORMAL 🟢
901883313206,0.0,NORMAL 🟢
793660447548,0.0,NORMAL 🟢
898108957373,0.0,NORMAL 🟢
209503536105,0.0,NORMAL 🟢
483003396978,0.0,NORMAL 🟢
792437277404,0.0,NORMAL 🟢
740680826322,0.0,NORMAL 🟢
323330109963,0.0,NORMAL 🟢
251912278282,0.0,NORMAL 🟢
309377466194,0.0,NORMAL 🟢
252781863139,0.0,NORMAL 🟢
899484129085,0.0,NORMAL 🟢
626558292236,0.0,NORMAL 🟢
168182184947,0.0,NORMAL 🟢
904261775597,0.0,NORMAL 🟢
157059345562,0.0,NORMAL 🟢
728302122536,0.0,NORMAL 🟢
663364234219,0.0,NORMAL 🟢
140523095006,0.0,NORMAL 🟢
745136059508,0.0,NORMAL 🟢
686007588339,0.0,NORMAL 🟢
940977012419,0.0,NORMAL 🟢
444915329979,0.0,NORMAL 🟢
626448779088,0.0,NORMAL 🟢
612411181498,0.0,NORMAL 🟢
860363060248,0.0,NORMAL 🟢
937345935017,0.0,NORMAL 🟢
940950838967,0.0,NORMAL 🟢
679612464708,0.0,NORMAL 🟢
476373975466,0.0,NORMAL 🟢
882945590374,0.0,NORMAL 🟢
987403480200,0.0,NORMAL 🟢
665656434917,0.0,NORMAL 🟢
199720721958,0.0,NORMAL 🟢
117658990676,0.0,NORMAL 🟢
102379294373,0.0,NORMAL 🟢
598927734025,0.0,NORMAL 🟢
982921636529,0.0,NORMAL 🟢
502388473224,0.0,NORMAL 🟢
835743354068,0.0,NORMAL 🟢
801366343284,0.0,NORMAL 🟢
621397664969,0.0,NORMAL 🟢
152106807857,0.0,NORMAL 🟢
966350562823,0.0,NORMAL 🟢
232234741654,0.0,NORMAL 🟢
383452445979,0.0,NORMAL 🟢
921151609397,0.0,NORMAL 🟢
483567867675,0.0,NORMAL 🟢
356313632392,0.0,NORMAL 🟢
567524319354,0.0,NORMAL 🟢
469427779187,0.0,NORMAL 🟢
117752990461,0.0,NORMAL 🟢
817405126864,0.0,NORMAL 🟢
367908130811,0.0,NORMAL 🟢
154679469441,0.0,NORMAL 🟢
844943583350,0.0,NORMAL 🟢
234530275178,0.0,NORMAL 🟢
690603096618,0.0,NORMAL 🟢
550290546724,0.0,NORMAL 🟢
947058527045,0.0,NORMAL 🟢
272902913614,0.0,NORMAL 🟢
572651052985,0.0,NORMAL 🟢
894525417937,0.0,NORMAL 🟢
255821022081,0.0,NORMAL 🟢
339738797858,0.0,NORMAL 🟢
540385741788,0.0,NORMAL 🟢
518184231099,0.0,NORMAL 🟢
740805611242,0.0,NORMAL 🟢
792250747865,0.0,NORMAL 🟢
907185412273,0.0,NORMAL 🟢
756349537173,0.0,NORMAL 🟢
691487541656,0.0,NORMAL 🟢
467350681735,0.0,NORMAL 🟢
894322533178,0.0,NORMAL 🟢
293668453904,0.0,NORMAL 🟢
285469791772,0.0,NORMAL 🟢
410839463295,0.0,NORMAL 🟢
948665014797,0.0,NORMAL 🟢
299930321407,0.0,NORMAL 🟢
291420511993,0.0,NORMAL 🟢
186211019277,0.0,NORMAL 🟢
240331516272,0.0,NORMAL 🟢
385497226664,0.0,NORMAL 🟢
321198492016,0.0,NORMAL 🟢
396570931313,0.0,NORMAL 🟢
268505117252,0.0,NORMAL 🟢
565594088968,0.0,NORMAL 🟢
979758648949,0.0,NORMAL 🟢
177798944561,0.0,NORMAL 🟢
608419500383,0.0,NORMAL 🟢
421801956852,0.0,NORMAL 🟢
977274396261,0.0,NORMAL 🟢
965233522713,0.0,NORMAL 🟢
374919061003,0.0,NORMAL 🟢
828923545552,0.0,NORMAL 🟢
355073954020,0.0,NORMAL 🟢
357098278981,0.0,NORMAL 🟢
804853069146,0.0,NORMAL 🟢
565643787994,0.0,NORMAL 🟢
398020390872,0.0,NORMAL 🟢
696659101522,0.0,NORMAL 🟢
595237494523,0.0,NORMAL 🟢
671576163198,0.0,NORMAL 🟢
556207370821,0.0,NORMAL 🟢
615336066973,0.0,NORMAL 🟢
669667349548,0.0,NORMAL 🟢
634123416742,0.0,NORMAL 🟢
923288333018,0.0,NORMAL 🟢
819751910044,0.0,NORMAL 🟢
517931665810,0.0,NORMAL 🟢
337771158191,0.0,NORMAL 🟢
134743903407,0.0,NORMAL 🟢
652712432843,0.0,NORMAL 🟢
878509877638,0.0,NORMAL 🟢
420070413452,0.0,NORMAL 🟢
426768608471,0.0,NORMAL 🟢
330288435289,0.0,NORMAL 🟢
396219666203,0.0,NORMAL 🟢
323548085689,0.0,NORMAL 🟢
107293118171,0.0,NORMAL 🟢
982317078933,0.0,NORMAL 🟢
303792674044,0.0,NORMAL 🟢
894077726918,0.0,NORMAL 🟢
587345609965,0.0,NORMAL 🟢
273566540009,0.0,NORMAL 🟢
232365476981,0.0,NORMAL 🟢
836921151355,0.0,NORMAL 🟢
890993761163,0.0,NORMAL 🟢
555212839962,0.0,NORMAL 🟢
231251223827,0.0,NORMAL 🟢
847236632991,0.0,NORMAL 🟢
898483828336,0.0,NORMAL 🟢
741883436536,0.0,NORMAL 🟢
165646283805,0.0,NORMAL 🟢
138273974167,0.0,NORMAL 🟢
699622524388,0.0,NORMAL 🟢
459537549213,0.0,NORMAL 🟢
508903982480,0.0,NORMAL 🟢
730654860112,0.0,NORMAL 🟢
584092201526,0.0,NORMAL 🟢
377027433716,0.0,NORMAL 🟢
843692154508,0.0,NORMAL 🟢
525952561929,0.0,NORMAL 🟢
388993268463,0.0,NORMAL 🟢
162714018757,0.0,NORMAL 🟢
954314562542,0.0,NORMAL 🟢
865087048791,0.0,NORMAL 🟢
714749780353,0.0,NORMAL 🟢
931254631346,0.0,NORMAL 🟢
300034589288,0.0,NORMAL 🟢
170658478819,0.0,NORMAL 🟢
269169700534,0.0,NORMAL 🟢
268560700620,0.0,NORMAL 🟢
821183419918,0.0,NORMAL 🟢
204057916124,0.0,NORMAL 🟢
424966989037,0.0,NORMAL 🟢
897570636199,0.0,NORMAL 🟢
150260081369,0.0,NORMAL 🟢
123512445646,0.0,NORMAL 🟢
286417711150,0.0,NORMAL 🟢
284741877001,0.0,NORMAL 🟢
866049090287,0.0,NORMAL 🟢
842710689961,0.0,NORMAL 🟢
384370929613,0.0,NORMAL 🟢
208578468646,0.0,NORMAL 🟢
239088670971,0.0,NORMAL 🟢
340711387553,0.0,NORMAL 🟢
163448272788,0.0,NORMAL 🟢
533499968864,0.0,NORMAL 🟢
951413114692,0.0,NORMAL 🟢
230209751821,0.0,NORMAL 🟢
754046160474,0.0,NORMAL 🟢
631688369203,0.0,NORMAL 🟢
716746511387,0.0,NORMAL 🟢
367395886396,0.0,NORMAL 🟢
769515247001,0.0,NORMAL 🟢
575781508748,0.0,NORMAL 🟢
484883979588,0.0,NORMAL 🟢
336331418486,0.0,NORMAL 🟢
311403929065,0.0,NORMAL 🟢
917426340847,0.0,NORMAL 🟢
860880468405,0.0,NORMAL 🟢
663767595240,0.0,NORMAL 🟢
439740009016,0.0,NORMAL 🟢
408638109412,0.0,NORMAL 🟢
470052101267,0.0,NORMAL 🟢
178393055507,0.0,NORMAL 🟢
507395029239,0.0,NORMAL 🟢
434570993376,0.0,NORMAL 🟢
471817668179,0.0,NORMAL 🟢
149180386795,0.0,NORMAL 🟢
994417272117,0.0,NORMAL 🟢
681790813810,0.0,NORMAL 🟢
752660306571,0.0,NORMAL 🟢
811973632376,0.0,NORMAL 🟢
336767029893,0.0,NORMAL 🟢
139035356651,0.0,NORMAL 🟢
251556238044,0.0,NORMAL 🟢
367708319075,0.0,NORMAL 🟢
729132544018,0.0,NORMAL 🟢
978899114461,0.0,NORMAL 🟢
793794669546,0.0,NORMAL 🟢
657917252661,0.0,NORMAL 🟢
344837139814,0.0,NORMAL 🟢
640010361184,0.0,NORMAL 🟢
689278842031,0.0,NORMAL 🟢
853393806868,0.0,NORMAL 🟢
198004756725,0.0,NORMAL 🟢
403521670691,0.0,NORMAL 🟢
249361178770,0.0,NORMAL 🟢
280266776518,0.0,NORMAL 🟢
246461878015,0.0,NORMAL 🟢
568413188010,0.0,NORMAL 🟢
952374633733,0.0,NORMAL 🟢
150229238640,0.0,NORMAL 🟢
453164792698,0.0,NORMAL 🟢
246484121762,0.0,NORMAL 🟢
602170268432,0.0,NORMAL 🟢
391845274448,0.0,NORMAL 🟢
488177253835,0.0,NORMAL 🟢
360268164767,0.0,NORMAL 🟢
945430051181,0.0,NORMAL 🟢
792447102393,0.0,NORMAL 🟢
251569982850,0.0,NORMAL 🟢
288624660318,0.0,NORMAL 🟢
148251175935,0.0,NORMAL 🟢
501941249016,0.0,NORMAL 🟢
660025442798,0.0,NORMAL 🟢
101754671775,0.0,NORMAL 🟢
693592357505,0.0,NORMAL 🟢
669148061342,0.0,NORMAL 🟢
473590891236,0.0,NORMAL 🟢
249142355094,0.0,NORMAL 🟢
368115490300,0.0,NORMAL 🟢
764481970549,0.0,NORMAL 🟢
728544093860,0.0,NORMAL 🟢
488903618485,0.0,NORMAL 🟢
692163928103,0.0,NORMAL 🟢
322850300087,0.0,NORMAL 🟢
911291659915,0.0,NORMAL 🟢
241802989476,0.0,NORMAL 🟢
904403683400,0.0,NORMAL 🟢
828310015396,0.0,NORMAL 🟢
778083858254,0.0,NORMAL 🟢
662187151791,0.0,NORMAL 🟢
529670038755,0.0,NORMAL 🟢
939624552620,0.0,NORMAL 🟢
759858694605,0.0,NORMAL 🟢
943177320091,0.0,NORMAL 🟢
943881093389,0.0,NORMAL 🟢
654407482904,0.0,NORMAL 🟢
708001516014,0.0,NORMAL 🟢
165025247635,0.0,NORMAL 🟢
979028688777,0.0,NORMAL 🟢
388215110875,0.0,NORMAL 🟢
695340763587,0.0,NORMAL 🟢
224355391313,0.0,NORMAL 🟢
135804361813,0.0,NORMAL 🟢
853919977518,0.0,NORMAL 🟢
202832805019,0.0,NORMAL 🟢
185188535757,0.0,NORMAL 🟢
704547589800,0.0,NORMAL 🟢
382051458318,0.0,NORMAL 🟢
381850918749,0.0,NORMAL 🟢
223362010631,0.0,NORMAL 🟢
558676404226,0.0,NORMAL 🟢
687024364168,0.0,NORMAL 🟢
162272545990,0.0,NORMAL 🟢
313484969277,0.0,NORMAL 🟢
601613733828,0.0,NORMAL 🟢
487463284665,0.0,NORMAL 🟢
252692515978,0.0,NORMAL 🟢
825975856337,0.0,NORMAL 🟢
460068496235,0.0,NORMAL 🟢
783120706616,0.0,NORMAL 🟢
250681710843,0.0,NORMAL 🟢
605666115810,0.0,NORMAL 🟢
849012138726,0.0,NORMAL 🟢
464309783434,0.0,NORMAL 🟢
848490102729,0.0,NORMAL 🟢
736439182328,0.0,NORMAL 🟢
514002973707,0.0,NORMAL 🟢
599327399757,0.0,NORMAL 🟢
641979365558,0.0,NORMAL 🟢
944901721839,0.0,NORMAL 🟢
886763763345,0.0,NORMAL 🟢
585832152237,0.0,NORMAL 🟢
513017769266,0.0,NORMAL 🟢
874918443726,0.0,NORMAL 🟢
703223635978,0.0,NORMAL 🟢
695493728917,0.0,NORMAL 🟢
419666340186,0.0,NORMAL 🟢
192930349329,0.0,NORMAL 🟢
836654290988,0.0,NORMAL 🟢
534219976469,0.0,NORMAL 🟢
686170008122,0.0,NORMAL 🟢
415968549148,0.0,NORMAL 🟢
637654060163,0.0,NORMAL 🟢
595166509908,0.0,NORMAL 🟢
186723729761,0.0,NORMAL 🟢
637171703515,0.0,NORMAL 🟢
557289836075,0.0,NORMAL 🟢
547377268927,0.0,NORMAL 🟢
876473795034,0.0,NORMAL 🟢
719941369485,0.0,NORMAL 🟢
883562088474,0.0,NORMAL 🟢
321420669763,0.0,NORMAL 🟢
492252379117,0.0,NORMAL 🟢
263479583901,0.0,NORMAL 🟢
865691022471,0.0,NORMAL 🟢
402528230058,0.0,NORMAL 🟢
398128037887,0.0,NORMAL 🟢
505579182514,0.0,NORMAL 🟢
550406310054,0.0,NORMAL 🟢
448044228938,0.0,NORMAL 🟢
411374502744,0.0,NORMAL 🟢
770785384880,0.0,NORMAL 🟢
444570259084,0.0,NORMAL 🟢
993448228505,0.0,NORMAL 🟢
103829830353,0.0,NORMAL 🟢
432589068604,0.0,NORMAL 🟢
560299126699,0.0,NORMAL 🟢
684547261663,0.0,NORMAL 🟢
400729370960,0.0,NORMAL 🟢
902882103067,0.0,NORMAL 🟢
490729953159,0.0,NORMAL 🟢
8846938180,0.0,NORMAL 🟢
248594777075,0.0,NORMAL 🟢
610052855591,0.0,NORMAL 🟢
906269130024,0.0,NORMAL 🟢
695035800421,0.0,NORMAL 🟢
964373774092,0.0,NORMAL 🟢
821326757243,0.0,NORMAL 🟢
125544604303,0.0,NORMAL 🟢
854702824918,0.0,NORMAL 🟢
606632722047,0.0,NORMAL 🟢
617889552096,0.0,NORMAL 🟢
773945995870,0.0,NORMAL 🟢
392282676070,0.0,NORMAL 🟢
487347219623,0.0,NORMAL 🟢
194751523904,0.0,NORMAL 🟢
452267458928,0.0,NORMAL 🟢
390919417433,0.0,NORMAL 🟢
898152271948,0.0,NORMAL 🟢
319748967562,0.0,NORMAL 🟢
459515999422,0.0,NORMAL 🟢
734323651527,0.0,NORMAL 🟢
673991594268,0.0,NORMAL 🟢
921057787779,0.0,NORMAL 🟢
305348043249,0.0,NORMAL 🟢
412371045069,0.0,NORMAL 🟢
739396592345,0.0,NORMAL 🟢
695583636647,0.0,NORMAL 🟢
187980436182,0.0,NORMAL 🟢
190699207850,0.0,NORMAL 🟢
341769416099,0.0,NORMAL 🟢
415353130245,0.0,NORMAL 🟢
161864085709,0.0,NORMAL 🟢
842616037372,0.0,NORMAL 🟢
494728585585,0.0,NORMAL 🟢
952865796725,0.0,NORMAL 🟢
801961743252,0.0,NORMAL 🟢
676061397150,0.0,NORMAL 🟢
381443225307,0.0,NORMAL 🟢
117887650415,0.0,NORMAL 🟢
291445434047,0.0,NORMAL 🟢
239371038931,0.0,NORMAL 🟢
482811851375,0.0,NORMAL 🟢
400347680836,0.0,NORMAL 🟢
769562032361,0.0,NORMAL 🟢
298082897251,0.0,NORMAL 🟢
463306318932,0.0,NORMAL 🟢
851121909200,0.0,NORMAL 🟢
142612174832,0.0,NORMAL 🟢
483637569531,0.0,NORMAL 🟢
817442973358,0.0,NORMAL 🟢
865432793523,0.0,NORMAL 🟢
676497882586,0.0,NORMAL 🟢
498091081526,0.0,NORMAL 🟢
764776117186,0.0,NORMAL 🟢
886572571876,0.0,NORMAL 🟢
901348971827,0.0,NORMAL 🟢
867262991377,0.0,NORMAL 🟢
225749236820,0.0,NORMAL 🟢
994087802645,0.0,NORMAL 🟢
360756304043,0.0,NORMAL 🟢
825999415921,0.0,NORMAL 🟢
303440326292,0.0,NORMAL 🟢
476277766532,0.0,NORMAL 🟢
474620388037,0.0,NORMAL 🟢
963436298355,0.0,NORMAL 🟢
684821854003,0.0,NORMAL 🟢
114537559749,0.0,NORMAL 🟢
137450642782,0.0,NORMAL 🟢
748040806751,0.0,NORMAL 🟢
132826984320,0.0,NORMAL 🟢
353743245131,0.0,NORMAL 🟢
775669404226,0.0,NORMAL 🟢
979248292919,0.0,NORMAL 🟢
792327785141,0.0,NORMAL 🟢
336410054724,0.0,NORMAL 🟢
956305133487,0.0,NORMAL 🟢
370232018969,0.0,NORMAL 🟢
743615140917,0.0,NORMAL 🟢
840174667692,0.0,NORMAL 🟢
963870162564,0.0,NORMAL 🟢
466642939681,0.0,NORMAL 🟢
687524256415,0.0,NORMAL 🟢
794632681201,0.0,NORMAL 🟢
767926110626,0.0,NORMAL 🟢
391870974157,0.0,NORMAL 🟢
607361302389,0.0,NORMAL 🟢
7668745748,0.0,NORMAL 🟢
202853523291,0.0,NORMAL 🟢
746862288719,0.0,NORMAL 🟢
521005477556,0.0,NORMAL 🟢
192984034516,0.0,NORMAL 🟢
637758018257,0.0,NORMAL 🟢
480999782038,0.0,NORMAL 🟢
819059394705,0.0,NORMAL 🟢
991359330641,0.0,NORMAL 🟢
458178625581,0.0,NORMAL 🟢
319422013018,0.0,NORMAL 🟢
563718254469,0.0,NORMAL 🟢
182724044609,0.0,NORMAL 🟢
7754048324,0.0,NORMAL 🟢
6684415514,0.0,NORMAL 🟢
7976609488,0.0,NORMAL 🟢
8951576303,0.0,NORMAL 🟢
411723344510,0.0,NORMAL 🟢
320766190859,0.0,NORMAL 🟢
632904639377,0.0,NORMAL 🟢
987905182279,0.0,NORMAL 🟢
101211919194,0.0,NORMAL 🟢
558264345288,0.0,NORMAL 🟢
699632673493,0.0,NORMAL 🟢
343059723903,0.0,NORMAL 🟢
361807232005,0.0,NORMAL 🟢
389757498341,0.0,NORMAL 🟢
675210830533,0.0,NORMAL 🟢
8364084191,0.0,NORMAL 🟢
184508536760,0.0,NORMAL 🟢
874498417256,0.0,NORMAL 🟢
205182391932,0.0,NORMAL 🟢
678943150715,0.0,NORMAL 🟢
722690284345,0.0,NORMAL 🟢
359956276754,0.0,NORMAL 🟢
966079282473,0.0,NORMAL 🟢
976114462583,0.0,NORMAL 🟢
746329679649,0.0,NORMAL 🟢
243170119988,0.0,NORMAL 🟢
472799224641,0.0,NORMAL 🟢
522152270954,0.0,NORMAL 🟢
158329114845,0.0,NORMAL 🟢
128186768537,0.0,NORMAL 🟢
8125065826,0.0,NORMAL 🟢
373574916822,0.0,NORMAL 🟢
512453117775,0.0,NORMAL 🟢
716063591995,0.0,NORMAL 🟢
737350983913,0.0,NORMAL 🟢
383303239350,0.0,NORMAL 🟢
362741357495,0.0,NORMAL 🟢
455994783913,0.0,NORMAL 🟢
260883180112,0.0,NORMAL 🟢
288596280343,0.0,NORMAL 🟢
715060826387,0.0,NORMAL 🟢
653713682466,0.0,NORMAL 🟢
219974951022,0.0,NORMAL 🟢
641027712397,0.0,NORMAL 🟢
674458797785,0.0,NORMAL 🟢
896954770705,0.0,NORMAL 🟢
301483354480,0.0,NORMAL 🟢
394101573630,0.0,NORMAL 🟢
238251839134,0.0,NORMAL 🟢
956446868964,0.0,NORMAL 🟢
304631057736,0.0,NORMAL 🟢
423734549537,0.0,NORMAL 🟢
108510513792,0.0,NORMAL 🟢
909775391998,0.0,NORMAL 🟢
885079852437,0.0,NORMAL 🟢
468323913192,0.0,NORMAL 🟢
878612858739,0.0,NORMAL 🟢
577216354477,0.0,NORMAL 🟢
976187443956,0.0,NORMAL 🟢
492582780751,0.0,NORMAL 🟢
371553876936,0.0,NORMAL 🟢
527231445358,0.0,NORMAL 🟢
337821183857,0.0,NORMAL 🟢
436841716155,0.0,NORMAL 🟢
935437121551,0.0,NORMAL 🟢
103398312625,0.0,NORMAL 🟢
237630926546,0.0,NORMAL 🟢
808681586189,0.0,NORMAL 🟢
778645473428,0.0,NORMAL 🟢
790993037164,0.0,NORMAL 🟢
305813350514,0.0,NORMAL 🟢
586419018838,0.0,NORMAL 🟢
780384016829,0.0,NORMAL 🟢
953018364207,0.0,NORMAL 🟢
134093429516,0.0,NORMAL 🟢
823401975947,0.0,NORMAL 🟢
9764523640,0.0,NORMAL 🟢
7267860532,0.0,NORMAL 🟢
8222935608,0.0,NORMAL 🟢
6881838792,0.0,NORMAL 🟢
555881437953,0.0,NORMAL 🟢
417076256062,0.0,NORMAL 🟢
268297291113,0.0,NORMAL 🟢
573211374090,0.0,NORMAL 🟢
167868284864,0.0,NORMAL 🟢
824099126658,0.0,NORMAL 🟢
955550828523,0.0,NORMAL 🟢
254750458270,0.0,NORMAL 🟢
499883825949,0.0,NORMAL 🟢
824267246227,0.0,NORMAL 🟢
640602362838,0.0,NORMAL 🟢
391124519390,0.0,NORMAL 🟢
434506774133,0.0,NORMAL 🟢
214821199175,0.0,NORMAL 🟢
745028838463,0.0,NORMAL 🟢
306134686218,0.0,NORMAL 🟢
766750479464,0.0,NORMAL 🟢
591595873603,0.0,NORMAL 🟢
441773582967,0.0,NORMAL 🟢
158986663555,0.0,NORMAL 🟢
514445669356,0.0,NORMAL 🟢
118236001131,0.0,NORMAL 🟢
238391382059,0.0,NORMAL 🟢
900372669380,0.0,NORMAL 🟢
9845571687,0.0,NORMAL 🟢
7249489188,0.0,NORMAL 🟢
7842684313,0.0,NORMAL 🟢
6688636802,0.0,NORMAL 🟢
878615670469,0.0,NORMAL 🟢
592866165740,0.0,NORMAL 🟢
728801564406,0.0,NORMAL 🟢
202421944133,0.0,NORMAL 🟢
647849016658,0.0,NORMAL 🟢
156851725703,0.0,NORMAL 🟢
824686555282,0.0,NORMAL 🟢
179465293655,0.0,NORMAL 🟢
736333839988,0.0,NORMAL 🟢
572585099302,0.0,NORMAL 🟢
8666751914,0.0,NORMAL 🟢
8729598468,0.0,NORMAL 🟢
365633107086,0.0,NORMAL 🟢
550809966504,0.0,NORMAL 🟢
723836798372,0.0,NORMAL 🟢
306909670743,0.0,NORMAL 🟢
641229750618,0.0,NORMAL 🟢
829134751933,0.0,NORMAL 🟢
9774450078,0.0,NORMAL 🟢
9127025626,0.0,NORMAL 🟢
6911196647,0.0,NORMAL 🟢
8525922681,0.0,NORMAL 🟢
8177789042,0.0,NORMAL 🟢
7967122239,0.0,NORMAL 🟢
7476977771,0.0,NORMAL 🟢
8730130096,0.0,NORMAL 🟢
7492786787,0.0,NORMAL 🟢
102415092937,0.0,NORMAL 🟢
389610444234,0.0,NORMAL 🟢
611562233412,0.0,NORMAL 🟢
437222867576,0.0,NORMAL 🟢
418475341113,0.0,NORMAL 🟢
821351841135,0.0,NORMAL 🟢
8222918939,0.0,NORMAL 🟢
8238677247,0.0,NORMAL 🟢
716916314097,0.0,NORMAL 🟢
565760082366,0.0,NORMAL 🟢
824222000659,0.0,NORMAL 🟢
954597956308,0.0,NORMAL 🟢
912354025935,0.0,NORMAL 🟢
271011919265,0.0,NORMAL 🟢
723211671945,0.0,NORMAL 🟢
793529640921,0.0,NORMAL 🟢
656058981235,0.0,NORMAL 🟢
805676615056,0.0,NORMAL 🟢
916284856950,0.0,NORMAL 🟢
893631168375,0.0,NORMAL 🟢
520484064253,0.0,NORMAL 🟢
6373287815,0.0,NORMAL 🟢
7104179337,0.0,NORMAL 🟢
7653214183,0.0,NORMAL 🟢
224569971156,0.0,NORMAL 🟢
115514626016,0.0,NORMAL 🟢
957311203316,0.0,NORMAL 🟢
909563656896,0.0,NORMAL 🟢
958963328435,0.0,NORMAL 🟢
514868800836,0.0,NORMAL 🟢
298092287623,0.0,NORMAL 🟢
816780733964,0.0,NORMAL 🟢
271394638796,0.0,NORMAL 🟢
226833219797,0.0,NORMAL 🟢
860439497800,0.0,NORMAL 🟢
670414060948,0.0,NORMAL 🟢
558257221302,0.0,NORMAL 🟢
394908835077,0.0,NORMAL 🟢
6848642729,0.0,NORMAL 🟢
680745309309,0.0,NORMAL 🟢
983351639127,0.0,NORMAL 🟢
936437727763,0.0,NORMAL 🟢
779665887162,0.0,NORMAL 🟢
786467584260,0.0,NORMAL 🟢
633735030662,0.0,NORMAL 🟢
791294253183,0.0,NORMAL 🟢
117252395325,0.0,NORMAL 🟢
981949112796,0.0,NORMAL 🟢
282683813746,0.0,NORMAL 🟢
612655310025,0.0,NORMAL 🟢
757872634354,0.0,NORMAL 🟢
577250973504,0.0,NORMAL 🟢
6611359349,0.0,NORMAL 🟢
8653913086,0.0,NORMAL 🟢
8723703119,0.0,NORMAL 🟢
8233660037,0.0,NORMAL 🟢
909742596969,0.0,NORMAL 🟢
329417222072,0.0,NORMAL 🟢
286357311731,0.0,NORMAL 🟢
425487730072,0.0,NORMAL 🟢
190408553274,0.0,NORMAL 🟢
972815220424,0.0,NORMAL 🟢
476602416433,0.0,NORMAL 🟢
200953913548,0.0,NORMAL 🟢
533273847490,0.0,NORMAL 🟢
853279253079,0.0,NORMAL 🟢
242518210712,0.0,NORMAL 🟢
852301140173,0.0,NORMAL 🟢
214934512676,0.0,NORMAL 🟢
710809682653,0.0,NORMAL 🟢
264894149690,0.0,NORMAL 🟢
348439797414,0.0,NORMAL 🟢
774398397024,0.0,NORMAL 🟢
699675826790,0.0,NORMAL 🟢
349917188169,0.0,NORMAL 🟢
970189514717,0.0,NORMAL 🟢
473125316800,0.0,NORMAL 🟢
621696153596,0.0,NORMAL 🟢
866578635447,0.0,NORMAL 🟢
114576705303,0.0,NORMAL 🟢
435418471188,0.0,NORMAL 🟢
870611881963,0.0,NORMAL 🟢
141366011155,0.0,NORMAL 🟢
724909186559,0.0,NORMAL 🟢
8936050428,0.0,NORMAL 🟢
956507125163,0.0,NORMAL 🟢
803310123395,0.0,NORMAL 🟢
328869690089,0.0,NORMAL 🟢
730996020848,0.0,NORMAL 🟢
593580175054,0.0,NORMAL 🟢
345139612792,0.0,NORMAL 🟢
994673189637,0.0,NORMAL 🟢
794471379335,0.0,NORMAL 🟢
955902363268,0.0,NORMAL 🟢
616014271052,0.0,NORMAL 🟢
992736132137,0.0,NORMAL 🟢
9967462581,0.0,NORMAL 🟢
7723318750,0.0,NORMAL 🟢
8138691320,0.0,NORMAL 🟢
9219885736,0.0,NORMAL 🟢
693820139823,0.0,NORMAL 🟢
467751064899,0.0,NORMAL 🟢
528727658439,0.0,NORMAL 🟢
627399023067,0.0,NORMAL 🟢
717725538776,0.0,NORMAL 🟢
946349268024,0.0,NORMAL 🟢
977472646416,0.0,NORMAL 🟢
605209364856,0.0,NORMAL 🟢
918434833423,0.0,NORMAL 🟢
699646113967,0.0,NORMAL 🟢
577082999029,0.0,NORMAL 🟢
659704002499,0.0,NORMAL 🟢
716387474247,0.0,NORMAL 🟢
730241571734,0.0,NORMAL 🟢
8528165123,0.0,NORMAL 🟢
732573462831,0.0,NORMAL 🟢
918088706527,0.0,NORMAL 🟢
182980523451,0.0,NORMAL 🟢
190097561835,0.0,NORMAL 🟢
995779882725,0.0,NORMAL 🟢
207979893518,0.0,NORMAL 🟢
273193494772,0.0,NORMAL 🟢
162787422128,0.0,NORMAL 🟢
634367632054,0.0,NORMAL 🟢
6859886977,0.0,NORMAL 🟢
8890370882,0.0,NORMAL 🟢
9609793376,0.0,NORMAL 🟢
805987884094,0.0,NORMAL 🟢
8817137316,0.0,NORMAL 🟢
9980846635,0.0,NORMAL 🟢
8598927502,0.0,NORMAL 🟢
521102205661,0.0,NORMAL 🟢
139734171163,0.0,NORMAL 🟢
316902507214,0.0,NORMAL 🟢
561589522055,0.0,NORMAL 🟢
774503692835,0.0,NORMAL 🟢
586417797565,0.0,NORMAL 🟢
448324116600,0.0,NORMAL 🟢
313349007341,0.0,NORMAL 🟢
701345552389,0.0,NORMAL 🟢
210757809803,0.0,NORMAL 🟢
515202082483,0.0,NORMAL 🟢
8107507742,0.0,NORMAL 🟢
268753115775,0.0,NORMAL 🟢
296265476662,0.0,NORMAL 🟢
601201392809,0.0,NORMAL 🟢
818684090574,0.0,NORMAL 🟢
913293758938,0.0,NORMAL 🟢
391225138983,0.0,NORMAL 🟢
8233403340,0.0,NORMAL 🟢
7336441662,0.0,NORMAL 🟢
9762023524,0.0,NORMAL 🟢
7967743325,0.0,NORMAL 🟢
7830872752,0.0,NORMAL 🟢
8431952172,0.0,NORMAL 🟢
8316502178,0.0,NORMAL 🟢
6828353166,0.0,NORMAL 🟢
8108043765,0.0,NORMAL 🟢
8813380990,0.0,NORMAL 🟢
915564843111,0.0,NORMAL 🟢
405804738424,0.0,NORMAL 🟢
368742600790,0.0,NORMAL 🟢
939508926989,0.0,NORMAL 🟢
900965240240,0.0,NORMAL 🟢
231308053233,0.0,NORMAL 🟢
9843584915,0.0,NORMAL 🟢
861340400082,0.0,NORMAL 🟢
541911093945,0.0,NORMAL 🟢
826852188538,0.0,NORMAL 🟢
758017646265,0.0,NORMAL 🟢
663388496038,0.0,NORMAL 🟢
955515771137,0.0,NORMAL 🟢
999845937254,0.0,NORMAL 🟢
502967548596,0.0,NORMAL 🟢
725375381332,0.0,NORMAL 🟢
646672741048,0.0,NORMAL 🟢
897627369920,0.0,NORMAL 🟢
380120926451,0.0,NORMAL 🟢
384371809584,0.0,NORMAL 🟢
577077326668,0.0,NORMAL 🟢
794267338284,0.0,NORMAL 🟢
751111305163,0.0,NORMAL 🟢
439268073065,0.0,NORMAL 🟢
848273814403,0.0,NORMAL 🟢
671955147613,0.0,NORMAL 🟢
151207839712,0.0,NORMAL 🟢
867681742291,0.0,NORMAL 🟢
310059688516,0.0,NORMAL 🟢
564898593421,0.0,NORMAL 🟢
419648343116,0.0,NORMAL 🟢
837280636618,0.0,NORMAL 🟢
424429780668,0.0,NORMAL 🟢
222661692561,0.0,NORMAL 🟢
710454628887,0.0,NORMAL 🟢
279865965606,0.0,NORMAL 🟢
6941379121,0.0,NORMAL 🟢
7295520040,0.0,NORMAL 🟢
972341218319,0.0,NORMAL 🟢
426644759404,0.0,NORMAL 🟢
253927018466,0.0,NORMAL 🟢
734748452405,0.0,NORMAL 🟢
657991720272,0.0,NORMAL 🟢
230702250291,0.0,NORMAL 🟢
607442803215,0.0,NORMAL 🟢
579772942515,0.0,NORMAL 🟢
838528138793,0.0,NORMAL 🟢
720522746757,0.0,NORMAL 🟢
679150121282,0.0,NORMAL 🟢
849786627496,0.0,NORMAL 🟢
7297375312,0.0,NORMAL 🟢
7483482786,0.0,NORMAL 🟢
221159899665,0.0,NORMAL 🟢
989844780582,0.0,NORMAL 🟢
748335239982,0.0,NORMAL 🟢
357381129349,0.0,NORMAL 🟢
846635278938,0.0,NORMAL 🟢
423915583071,0.0,NORMAL 🟢
828495820789,0.0,NORMAL 🟢
207167317325,0.0,NORMAL 🟢
682500355374,0.0,NORMAL 🟢
916118895680,0.0,NORMAL 🟢
157771875851,0.0,NORMAL 🟢
858282680562,0.0,NORMAL 🟢
8481692833,0.0,NORMAL 🟢
6929747654,0.0,NORMAL 🟢
8215282843,0.0,NORMAL 🟢
180103683391,0.0,NORMAL 🟢
218463408610,0.0,NORMAL 🟢
482956646121,0.0,NORMAL 🟢
875336834525,0.0,NORMAL 🟢
273365522180,0.0,NORMAL 🟢
438132537416,0.0,NORMAL 🟢
183352671486,0.0,NORMAL 🟢
960003347891,0.0,NORMAL 🟢
422232697496,0.0,NORMAL 🟢
508822019391,0.0,NORMAL 🟢
720694669133,0.0,NORMAL 🟢
677608874090,0.0,NORMAL 🟢
191283457082,0.0,NORMAL 🟢
943915914094,0.0,NORMAL 🟢
6688102282,0.0,NORMAL 🟢
973766379832,0.0,NORMAL 🟢
844880263597,0.0,NORMAL 🟢
790145187064,0.0,NORMAL 🟢
902611756246,0.0,NORMAL 🟢
456602967307,0.0,NORMAL 🟢
604918054274,0.0,NORMAL 🟢
644408124207,0.0,NORMAL 🟢
347214431495,0.0,NORMAL 🟢
418195848214,0.0,NORMAL 🟢
279931695177,0.0,NORMAL 🟢
510052908438,0.0,NORMAL 🟢
941384668043,0.0,NORMAL 🟢
982377095394,0.0,NORMAL 🟢
831919538170,0.0,NORMAL 🟢
441878362555,0.0,NORMAL 🟢
495252266909,0.0,NORMAL 🟢
558256529325,0.0,NORMAL 🟢
228989604772,0.0,NORMAL 🟢
574105317189,0.0,NORMAL 🟢
335784015278,0.0,NORMAL 🟢
387377139753,0.0,NORMAL 🟢
863289534514,0.0,NORMAL 🟢
676630847103,0.0,NORMAL 🟢
329562992661,0.0,NORMAL 🟢
648369371793,0.0,NORMAL 🟢
8762148327,0.0,NORMAL 🟢
9664041367,0.0,NORMAL 🟢
6936588842,0.0,NORMAL 🟢
9534252044,0.0,NORMAL 🟢
9368455294,0.0,NORMAL 🟢
9749463147,0.0,NORMAL 🟢
7311901043,0.0,NORMAL 🟢
8852008690,0.0,NORMAL 🟢
7188750326,0.0,NORMAL 🟢
678757166409,0.0,NORMAL 🟢
112494763631,0.0,NORMAL 🟢
504245170803,0.0,NORMAL 🟢
903218353718,0.0,NORMAL 🟢
651354493636,0.0,NORMAL 🟢
564588701833,0.0,NORMAL 🟢
8885689619,0.0,NORMAL 🟢
7193203865,0.0,NORMAL 🟢
949478462038,0.0,NORMAL 🟢
941435188681,0.0,NORMAL 🟢
113031563569,0.0,NORMAL 🟢
878551746445,0.0,NORMAL 🟢
896385107513,0.0,NORMAL 🟢
169459141426,0.0,NORMAL 🟢
467478237176,0.0,NORMAL 🟢
470155827746,0.0,NORMAL 🟢
401548595278,0.0,NORMAL 🟢
164509163510,0.0,NORMAL 🟢
380204868809,0.0,NORMAL 🟢
324329807140,0.0,NORMAL 🟢
838276757110,0.0,NORMAL 🟢
167234099156,0.0,NORMAL 🟢
999814961170,0.0,NORMAL 🟢
969470378022,0.0,NORMAL 🟢
300047152625,0.0,NORMAL 🟢
850725234349,0.0,NORMAL 🟢
307690365329,0.0,NORMAL 🟢
466378275763,0.0,NORMAL 🟢
857963725851,0.0,NORMAL 🟢
875132787126,0.0,NORMAL 🟢
290229788750,0.0,NORMAL 🟢
235948679691,0.0,NORMAL 🟢
912105221151,0.0,NORMAL 🟢
326976159311,0.0,NORMAL 🟢
853182885490,0.0,NORMAL 🟢
310348666221,0.0,NORMAL 🟢
938832813861,0.0,NORMAL 🟢
990426905032,0.0,NORMAL 🟢
7877356815,0.0,NORMAL 🟢
7463298265,0.0,NORMAL 🟢
6507711591,0.0,NORMAL 🟢
8925636158,0.0,NORMAL 🟢
8515848786,0.0,NORMAL 🟢
9256202519,0.0,NORMAL 🟢
6357684192,0.0,NORMAL 🟢
9654911096,0.0,NORMAL 🟢
688576416888,0.0,NORMAL 🟢
765389537100,0.0,NORMAL 🟢
920489166276,0.0,NORMAL 🟢
892164951362,0.0,NORMAL 🟢
198696601263,0.0,NORMAL 🟢
122741997924,0.0,NORMAL 🟢
6179925419,0.0,NORMAL 🟢
8821851998,0.0,NORMAL 🟢
754000242193,0.0,NORMAL 🟢
395637010389,0.0,NORMAL 🟢
226937900825,0.0,NORMAL 🟢
880541770485,0.0,NORMAL 🟢
469270406674,0.0,NORMAL 🟢
212926412826,0.0,NORMAL 🟢
678367671869,0.0,NORMAL 🟢
469974196237,0.0,NORMAL 🟢
964617677242,0.0,NORMAL 🟢
450018678810,0.0,NORMAL 🟢
262161100146,0.0,NORMAL 🟢
791965504719,0.0,NORMAL 🟢
430209054129,0.0,NORMAL 🟢
6341847444,0.0,NORMAL 🟢
6445422904,0.0,NORMAL 🟢
498830441482,0.0,NORMAL 🟢
402520134771,0.0,NORMAL 🟢
877788820330,0.0,NORMAL 🟢
259568935495,0.0,NORMAL 🟢
376858931972,0.0,NORMAL 🟢
534214482468,0.0,NORMAL 🟢
611387171960,0.0,NORMAL 🟢
993010080219,0.0,NORMAL 🟢
762637134202,0.0,NORMAL 🟢
615273149662,0.0,NORMAL 🟢
888507232838,0.0,NORMAL 🟢
602637005470,0.0,NORMAL 🟢
382616503942,0.0,NORMAL 🟢
9694585992,0.0,NORMAL 🟢
9558913309,0.0,NORMAL 🟢
981804300738,0.0,NORMAL 🟢
512564107805,0.0,NORMAL 🟢
597807493790,0.0,NORMAL 🟢
417502503877,0.0,NORMAL 🟢
591505113010,0.0,NORMAL 🟢
607026957622,0.0,NORMAL 🟢
546271617586,0.0,NORMAL 🟢
943171208065,0.0,NORMAL 🟢
577073216821,0.0,NORMAL 🟢
631704723659,0.0,NORMAL 🟢
266378607356,0.0,NORMAL 🟢
678539821932,0.0,NORMAL 🟢
198375940639,0.0,NORMAL 🟢
890526153621,0.0,NORMAL 🟢
9288578210,0.0,NORMAL 🟢
171428500092,0.0,NORMAL 🟢
166542071270,0.0,NORMAL 🟢
719537826928,0.0,NORMAL 🟢
124198453753,0.0,NORMAL 🟢
586929827446,0.0,NORMAL 🟢
310956553841,0.0,NORMAL 🟢
278529129260,0.0,NORMAL 🟢
736013078876,0.0,NORMAL 🟢
438245052403,0.0,NORMAL 🟢
613722675027,0.0,NORMAL 🟢
144959776371,0.0,NORMAL 🟢
592079525249,0.0,NORMAL 🟢
895762976419,0.0,NORMAL 🟢
279290826837,0.0,NORMAL 🟢
8769313643,0.0,NORMAL 🟢
432907652213,0.0,NORMAL 🟢
113282361008,0.0,NORMAL 🟢
304551361048,0.0,NORMAL 🟢
658896332116,0.0,NORMAL 🟢
658972570805,0.0,NORMAL 🟢
959492195701,0.0,NORMAL 🟢
405659247793,0.0,NORMAL 🟢
555882423622,0.0,NORMAL 🟢
998727732379,0.0,NORMAL 🟢
172170909598,0.0,NORMAL 🟢
371944182639,0.0,NORMAL 🟢
7239993825,0.0,NORMAL 🟢
6501367591,0.0,NORMAL 🟢
8465136990,0.0,NORMAL 🟢
819663499345,0.0,NORMAL 🟢
6168112081,0.0,NORMAL 🟢
157169690387,0.0,NORMAL 🟢
373790042639,0.0,NORMAL 🟢
283074301811,0.0,NORMAL 🟢
652890069358,0.0,NORMAL 🟢
104243741432,0.0,NORMAL 🟢
244561911776,0.0,NORMAL 🟢
708793439823,0.0,NORMAL 🟢
404620189942,0.0,NORMAL 🟢
134200898098,0.0,NORMAL 🟢
135362880954,0.0,NORMAL 🟢
382983444037,0.0,NORMAL 🟢
436758843661,0.0,NORMAL 🟢
516714899721,0.0,NORMAL 🟢
360136934388,0.0,NORMAL 🟢
398249915455,0.0,NORMAL 🟢
343552110495,0.0,NORMAL 🟢
404097115866,0.0,NORMAL 🟢
301994707996,0.0,NORMAL 🟢
659161176380,0.0,NORMAL 🟢
217921101455,0.0,NORMAL 🟢
385870049694,0.0,NORMAL 🟢
370165084230,0.0,NORMAL 🟢
520431294472,0.0,NORMAL 🟢
682597586864,0.0,NORMAL 🟢
140745614474,0.0,NORMAL 🟢
193367341520,0.0,NORMAL 🟢
963755479519,0.0,NORMAL 🟢
160434231242,0.0,NORMAL 🟢
323721347368,0.0,NORMAL 🟢
8895298973,0.0,NORMAL 🟢
380568926868,0.0,NORMAL 🟢
400589304610,0.0,NORMAL 🟢
240580764865,0.0,NORMAL 🟢
861776886071,0.0,NORMAL 🟢
914249086009,0.0,NORMAL 🟢
956175679864,0.0,NORMAL 🟢
426866493677,0.0,NORMAL 🟢
688733568871,0.0,NORMAL 🟢
288757435492,0.0,NORMAL 🟢
244422950956,0.0,NORMAL 🟢
958441225672,0.0,NORMAL 🟢
485932689446,0.0,NORMAL 🟢
802121462094,0.0,NORMAL 🟢
681199276995,0.0,NORMAL 🟢
957410718701,0.0,NORMAL 🟢
142231538158,0.0,NORMAL 🟢
526254594138,0.0,NORMAL 🟢
991305482121,0.0,NORMAL 🟢
288681448632,0.0,NORMAL 🟢
707857249596,0.0,NORMAL 🟢
259000468784,0.0,NORMAL 🟢
638118683676,0.0,NORMAL 🟢
177166968431,0.0,NORMAL 🟢
361143982479,0.0,NORMAL 🟢
135681700725,0.0,NORMAL 🟢
311378618549,0.0,NORMAL 🟢
788031056587,0.0,NORMAL 🟢
841326678208,0.0,NORMAL 🟢
897867405511,0.0,NORMAL 🟢
716592278211,0.0,NORMAL 🟢
9964767665,0.0,NORMAL 🟢
6181315482,0.0,NORMAL 🟢
652040725702,0.0,NORMAL 🟢
643912546566,0.0,NORMAL 🟢
433592408811,0.0,NORMAL 🟢
109088289024,0.0,NORMAL 🟢
151522572764,0.0,NORMAL 🟢
742152328518,0.0,NORMAL 🟢
725177843889,0.0,NORMAL 🟢
997178083037,0.0,NORMAL 🟢
412718218768,0.0,NORMAL 🟢
410640713517,0.0,NORMAL 🟢
294691389437,0.0,NORMAL 🟢
393906997214,0.0,NORMAL 🟢
558785129277,0.0,NORMAL 🟢
8574585302,0.0,NORMAL 🟢
9711945880,0.0,NORMAL 🟢
201491774122,0.0,NORMAL 🟢
876414837817,0.0,NORMAL 🟢
613206186581,0.0,NORMAL 🟢
201813555552,0.0,NORMAL 🟢
851281053238,0.0,NORMAL 🟢
421556435535,0.0,NORMAL 🟢
458722500894,0.0,NORMAL 🟢
103027065673,0.0,NORMAL 🟢
592732468112,0.0,NORMAL 🟢
808219763609,0.0,NORMAL 🟢
721783907386,0.0,NORMAL 🟢
176249409498,0.0,NORMAL 🟢
455166511284,0.0,NORMAL 🟢
754555252360,0.0,NORMAL 🟢
7455021883,0.0,NORMAL 🟢
6589679769,0.0,NORMAL 🟢
876851039799,0.0,NORMAL 🟢
578123975752,0.0,NORMAL 🟢
251680702488,0.0,NORMAL 🟢
638384510832,0.0,NORMAL 🟢
993074670579,0.0,NORMAL 🟢
619615774455,0.0,NORMAL 🟢
810273665413,0.0,NORMAL 🟢
567483051256,0.0,NORMAL 🟢
379991433632,0.0,NORMAL 🟢
252462082537,0.0,NORMAL 🟢
9569905227,0.0,NORMAL 🟢
9381660153,0.0,NORMAL 🟢
8989355468,0.0,NORMAL 🟢
7216061996,0.0,NORMAL 🟢
6414286518,0.0,NORMAL 🟢
758099688506,0.0,NORMAL 🟢
192733474332,0.0,NORMAL 🟢
832580365161,0.0,NORMAL 🟢
840252644208,0.0,NORMAL 🟢
201885530963,0.0,NORMAL 🟢
761522085387,0.0,NORMAL 🟢
307251020247,0.0,NORMAL 🟢
359232949609,0.0,NORMAL 🟢
972492185149,0.0,NORMAL 🟢
124657012039,0.0,NORMAL 🟢
699318737684,0.0,NORMAL 🟢
7813690704,0.0,NORMAL 🟢
439095336241,0.0,NORMAL 🟢
138874484398,0.0,NORMAL 🟢
666343575529,0.0,NORMAL 🟢
270315506402,0.0,NORMAL 🟢
783148793483,0.0,NORMAL 🟢
952470881183,0.0,NORMAL 🟢
614355127204,0.0,NORMAL 🟢
520201025608,0.0,NORMAL 🟢
316792231019,0.0,NORMAL 🟢
632465183644,0.0,NORMAL 🟢
936031913279,0.0,NORMAL 🟢
830498978527,0.0,NORMAL 🟢
748257777146,0.0,NORMAL 🟢
505343570066,0.0,NORMAL 🟢
941357028642,0.0,NORMAL 🟢
474083465292,0.0,NORMAL 🟢
412757542326,0.0,NORMAL 🟢
598299680166,0.0,NORMAL 🟢
435495886260,0.0,NORMAL 🟢
218219048937,0.0,NORMAL 🟢
386832404671,0.0,NORMAL 🟢
972397596713,0.0,NORMAL 🟢
728703314255,0.0,NORMAL 🟢
404479414588,0.0,NORMAL 🟢
319778566488,0.0,NORMAL 🟢
8505623892,0.0,NORMAL 🟢
8435009612,0.0,NORMAL 🟢
9598809175,0.0,NORMAL 🟢
8955954162,0.0,NORMAL 🟢
6580829232,0.0,NORMAL 🟢
9687949880,0.0,NORMAL 🟢
9914034516,0.0,NORMAL 🟢
418197981099,0.0,NORMAL 🟢
245220201642,0.0,NORMAL 🟢
433793474342,0.0,NORMAL 🟢
329345910618,0.0,NORMAL 🟢
245495835040,0.0,NORMAL 🟢
461808398536,0.0,NORMAL 🟢
797956220248,0.0,NORMAL 🟢
835787017159,0.0,NORMAL 🟢
6555843582,0.0,NORMAL 🟢
7321066351,0.0,NORMAL 🟢
559241888823,0.0,NORMAL 🟢
416567947500,0.0,NORMAL 🟢
359050629072,0.0,NORMAL 🟢
941218536256,0.0,NORMAL 🟢
664088087993,0.0,NORMAL 🟢
499999060760,0.0,NORMAL 🟢
959869024899,0.0,NORMAL 🟢
174748104880,0.0,NORMAL 🟢
795432816429,0.0,NORMAL 🟢
916884843443,0.0,NORMAL 🟢
438494081553,0.0,NORMAL 🟢
239422109767,0.0,NORMAL 🟢
708668762193,0.0,NORMAL 🟢
149935935429,0.0,NORMAL 🟢
201638348040,0.0,NORMAL 🟢
551970879346,0.0,NORMAL 🟢
917842230321,0.0,NORMAL 🟢
128862344292,0.0,NORMAL 🟢
388725714017,0.0,NORMAL 🟢
884940278084,0.0,NORMAL 🟢
234535796153,0.0,NORMAL 🟢
108317364671,0.0,NORMAL 🟢
753833707624,0.0,NORMAL 🟢
230757551582,0.0,NORMAL 🟢
978036887007,0.0,NORMAL 🟢
144617375160,0.0,NORMAL 🟢
312045459529,0.0,NORMAL 🟢
634383355175,0.0,NORMAL 🟢
852695333451,0.0,NORMAL 🟢
9577863222,0.0,NORMAL 🟢
963410781836,0.0,NORMAL 🟢
833848782546,0.0,NORMAL 🟢
742256616778,0.0,NORMAL 🟢
539004138272,0.0,NORMAL 🟢
655371484370,0.0,NORMAL 🟢
412817719619,0.0,NORMAL 🟢
674689951984,0.0,NORMAL 🟢
755447503312,0.0,NORMAL 🟢
477909961396,0.0,NORMAL 🟢
641497909823,0.0,NORMAL 🟢
760571428295,0.0,NORMAL 🟢
270455015761,0.0,NORMAL 🟢
228205851533,0.0,NORMAL 🟢
989149404626,0.0,NORMAL 🟢
8320993421,0.0,NORMAL 🟢
6852756394,0.0,NORMAL 🟢
755065801354,0.0,NORMAL 🟢
800141001893,0.0,NORMAL 🟢
362694466380,0.0,NORMAL 🟢
906236985654,0.0,NORMAL 🟢
631328732175,0.0,NORMAL 🟢
795842577125,0.0,NORMAL 🟢
919192375965,0.0,NORMAL 🟢
429592755635,0.0,NORMAL 🟢
877240239683,0.0,NORMAL 🟢
198375894337,0.0,NORMAL 🟢
236629977497,0.0,NORMAL 🟢
503828556923,0.0,NORMAL 🟢
6797897537,0.0,NORMAL 🟢
8140981816,0.0,NORMAL 🟢
7297744801,0.0,NORMAL 🟢
334841101318,0.0,NORMAL 🟢
221828859996,0.0,NORMAL 🟢
116753496314,0.0,NORMAL 🟢
566144248850,0.0,NORMAL 🟢
689887851500,0.0,NORMAL 🟢
930782102754,0.0,NORMAL 🟢
166781179410,0.0,NORMAL 🟢
278112470628,0.0,NORMAL 🟢
315895055897,0.0,NORMAL 🟢
163617350438,0.0,NORMAL 🟢
6576676003,0.0,NORMAL 🟢
9213523444,0.0,NORMAL 🟢
9919110262,0.0,NORMAL 🟢
9747918097,0.0,NORMAL 🟢
6976508412,0.0,NORMAL 🟢
573853229706,0.0,NORMAL 🟢
279515562944,0.0,NORMAL 🟢
442835760676,0.0,NORMAL 🟢
987202468866,0.0,NORMAL 🟢
916167618081,0.0,NORMAL 🟢
314414343008,0.0,NORMAL 🟢
593269031822,0.0,NORMAL 🟢
6529268932,0.0,NORMAL 🟢
6279414468,0.0,NORMAL 🟢
7108211314,0.0,NORMAL 🟢
7738359247,0.0,NORMAL 🟢
136275509973,0.0,NORMAL 🟢
435054005946,0.0,NORMAL 🟢
906109282850,0.0,NORMAL 🟢
669016562749,0.0,NORMAL 🟢
935374426781,0.0,NORMAL 🟢
471036572377,0.0,NORMAL 🟢
618027484519,0.0,NORMAL 🟢
130287762196,0.0,NORMAL 🟢
990670949098,0.0,NORMAL 🟢
613006939153,0.0,NORMAL 🟢
384567895202,0.0,NORMAL 🟢
951888121853,0.0,NORMAL 🟢
202787075822,0.0,NORMAL 🟢
753163418554,0.0,NORMAL 🟢
607381452558,0.0,NORMAL 🟢
674887221144,0.0,NORMAL 🟢
6202579582,0.0,NORMAL 🟢
149979950925,0.0,NORMAL 🟢
259408728900,0.0,NORMAL 🟢
458497547243,0.0,NORMAL 🟢
627041572440,0.0,NORMAL 🟢
935948254947,0.0,NORMAL 🟢
341628285954,0.0,NORMAL 🟢
861405584211,0.0,NORMAL 🟢
431035515534,0.0,NORMAL 🟢
663497460205,0.0,NORMAL 🟢
953040036543,0.0,NORMAL 🟢
407594166776,0.0,NORMAL 🟢
484134216011,0.0,NORMAL 🟢
987480815708,0.0,NORMAL 🟢
674576726638,0.0,NORMAL 🟢
537119292724,0.0,NORMAL 🟢
876966525283,0.0,NORMAL 🟢
345758583880,0.0,NORMAL 🟢
576269033175,0.0,NORMAL 🟢
123743221286,0.0,NORMAL 🟢
990347151711,0.0,NORMAL 🟢
643543137504,0.0,NORMAL 🟢
116110677563,0.0,NORMAL 🟢
